uri,post_created_at,source_run_tag,text_source,raw_capture_run_id,raw_captured_at,raw_repo_did,raw_record_created_at,hydrated_capture_run_id,hydrated_hydrate_run_id,hydrated_author_did,hydrated_author_handle,hydrated_indexed_at,hydrated_hydrated_at,raw_source_row_json,hydrated_source_row_json,post_text_raw,post_text_clean,post_text_alnum,post_token_count,post_char_count,has_hashtag,has_url,has_mention,has_special_chars,has_non_ascii
at://did:plc:2sfzopxqkih7jt4mh37tuuow/app.bsky.feed.post/3mihe7wxvdk2i,2026-04-01T18:49:39.359Z,phase6_diagnostic_20260401,hydrated_record_text,cap_20260401T184939Z_85c99020,2026-04-01T18:49:40.702462+00:00,did:plc:2sfzopxqkih7jt4mh37tuuow,2026-04-01T18:49:39.359Z,cap_20260401T184939Z_85c99020,hyd_20260401T185109Z_97b40e6f,did:plc:2sfzopxqkih7jt4mh37tuuow,counciloravalos.bsky.social,2026-04-01T18:49:40.258Z,2026-04-01T18:51:09.583533+00:00,"{""capture_run_id"": ""cap_20260401T184939Z_85c99020"", ""captured_at"": ""2026-04-01T18:49:40.702462+00:00"", ""cid"": ""bafyreidr3fwbtxwfov77r5sdtr42gvej4vbdnketokw45tehgfwtlriqem"", ""collection"": ""app.bsky.feed.post"", ""event_time"": ""2026-04-01T18:49:40.139Z"", ""has_embed"": false, ""has_reply"": true, ""operation"": ""create"", ""record"": {""$type"": ""app.bsky.feed.post"", ""createdAt"": ""2026-04-01T18:49:39.359Z"", ""langs"": [""en""], ""reply"": {""parent"": {""cid"": ""bafyreibmp5jd55klex2nh7dmlu3ctmpkim5b7scogwxirjsdupjoachddi"", ""uri"": ""at://did:plc:2sfzopxqkih7jt4mh37tuuow/app.bsky.feed.post/3mihdst2xvc2i""}, ""root"": {""cid"": ""bafyreidzp6vyggghosk5fd37qyn22ekjnj52b5hcrkkhrhkidccjcet4b4"", ""uri"": ""at://did:plc:2sfzopxqkih7jt4mh37tuuow/app.bsky.feed.post/3mih4f3lx2s2i""}}, ""text"": ""CFO Biery explained that it would be difficult to quantify the economic impact, but he will discuss what a report back could look like with his team. Outside business organizations would likely have some role, as well as Prosper, in addition to the Revenue division in the CFO’s office.""}, ""record_created_at"": ""2026-04-01T18:49:39.359Z"", ""repo_did"": ""did:plc:2sfzopxqkih7jt4mh37tuuow"", ""rkey"": ""3mihe7wxvdk2i"", ""seq"": 28756093237, ""uri"": ""at://did:plc:2sfzopxqkih7jt4mh37tuuow/app.bsky.feed.post/3mihe7wxvdk2i""}","{""author_did"": ""did:plc:2sfzopxqkih7jt4mh37tuuow"", ""author_display_name"": ""Councilor Candace Avalos"", ""author_handle"": ""counciloravalos.bsky.social"", ""capture_run_id"": ""cap_20260401T184939Z_85c99020"", ""cid"": ""bafyreidr3fwbtxwfov77r5sdtr42gvej4vbdnketokw45tehgfwtlriqem"", ""hydrate_run_id"": ""hyd_20260401T185109Z_97b40e6f"", ""hydrated_at"": ""2026-04-01T18:51:09.583533+00:00"", ""indexed_at"": ""2026-04-01T18:49:40.258Z"", ""labels"": [], ""like_count"": 0, ""quote_count"": 0, ""record"": {""$type"": ""app.bsky.feed.post"", ""createdAt"": ""2026-04-01T18:49:39.359Z"", ""langs"": [""en""], ""reply"": {""parent"": {""cid"": ""bafyreibmp5jd55klex2nh7dmlu3ctmpkim5b7scogwxirjsdupjoachddi"", ""uri"": ""at://did:plc:2sfzopxqkih7jt4mh37tuuow/app.bsky.feed.post/3mihdst2xvc2i""}, ""root"": {""cid"": ""bafyreidzp6vyggghosk5fd37qyn22ekjnj52b5hcrkkhrhkidccjcet4b4"", ""uri"": ""at://did:plc:2sfzopxqkih7jt4mh37tuuow/app.bsky.feed.post/3mih4f3lx2s2i""}}, ""text"": ""CFO Biery explained that it would be difficult to quantify the economic impact, but he will discuss what a report back could look like with his team. Outside business organizations would likely have some role, as well as Prosper, in addition to the Revenue division in the CFO’s office.""}, ""reply_count"": 1, ""repost_count"": 0, ""uri"": ""at://did:plc:2sfzopxqkih7jt4mh37tuuow/app.bsky.feed.post/3mihe7wxvdk2i""}","CFO Biery explained that it would be difficult to quantify the economic impact, but he will discuss what a report back could look like with his team. Outside business organizations would likely have some role, as well as Prosper, in addition to the Revenue division in the CFO’s office.",cfo biery explained that it would be difficult to quantify the economic impact but he will discuss what a report back could look like with his team outside business organizations would likely have some role as well as prosper in addition to the revenue division in the cfo's office,cfo biery explained that it would be difficult to quantify the economic impact but he will discuss what a report back could look like with his team outside business organizations would likely have some role as well as prosper in addition to the revenue division in the cfo s office,49,281,False,False,False,True,False
at://did:plc:2sfzopxqkih7jt4mh37tuuow/app.bsky.feed.post/3mihe7x2v222i,2026-04-01T18:49:39.360Z,phase6_diagnostic_20260401,hydrated_record_text,cap_20260401T184939Z_85c99020,2026-04-01T18:49:40.702887+00:00,did:plc:2sfzopxqkih7jt4mh37tuuow,2026-04-01T18:49:39.360Z,cap_20260401T184939Z_85c99020,hyd_20260401T185109Z_97b40e6f,did:plc:2sfzopxqkih7jt4mh37tuuow,counciloravalos.bsky.social,2026-04-01T18:49:40.282Z,2026-04-01T18:51:09.700495+00:00,"{""capture_run_id"": ""cap_20260401T184939Z_85c99020"", ""captured_at"": ""2026-04-01T18:49:40.702887+00:00"", ""cid"": ""bafyreia4mepxw2bxkdaawqlvw5dypvujtyipql5ctrkae34janhuhwo2me"", ""collection"": ""app.bsky.feed.post"", ""event_time"": ""2026-04-01T18:49:40.139Z"", ""has_embed"": false, ""has_reply"": true, ""operation"": ""create"", ""record"": {""$type"": ""app.bsky.feed.post"", ""createdAt"": ""2026-04-01T18:49:39.360Z"", ""langs"": [""en""], ""reply"": {""parent"": {""cid"": ""bafyreidr3fwbtxwfov77r5sdtr42gvej4vbdnketokw45tehgfwtlriqem"", ""uri"": ""at://did:plc:2sfzopxqkih7jt4mh37tuuow/app.bsky.feed.post/3mihe7wxvdk2i""}, ""root"": {""cid"": ""bafyreidzp6vyggghosk5fd37qyn22ekjnj52b5hcrkkhrhkidccjcet4b4"", ""uri"": ""at://did:plc:2sfzopxqkih7jt4mh37tuuow/app.bsky.feed.post/3mih4f3lx2s2i""}}, ""text"": ""I feel comfortable supporting this proposal knowing that actual small businesses will get the most relief – especially thinking of small businesses in East Portland that need greater support.""}, ""record_created_at"": ""2026-04-01T18:49:39.360Z"", ""repo_did"": ""did:plc:2sfzopxqkih7jt4mh37tuuow"", ""rkey"": ""3mihe7x2v222i"", ""seq"": 28756093237, ""uri"": ""at://did:plc:2sfzopxqkih7jt4mh37tuuow/app.bsky.feed.post/3mihe7x2v222i""}","{""author_did"": ""did:plc:2sfzopxqkih7jt4mh37tuuow"", ""author_display_name"": ""Councilor Candace Avalos"", ""author_handle"": ""counciloravalos.bsky.social"", ""capture_run_id"": ""cap_20260401T184939Z_85c99020"", ""cid"": ""bafyreia4mepxw2bxkdaawqlvw5dypvujtyipql5ctrkae34janhuhwo2me"", ""hydrate_run_id"": ""hyd_20260401T185109Z_97b40e6f"", ""hydrated_at"": ""2026-04-01T18:51:09.700495+00:00"", ""indexed_at"": ""2026-04-01T18:49:40.282Z"", ""labels"": [], ""like_count"": 1, ""quote_count"": 0, ""record"": {""$type"": ""app.bsky.feed.post"", ""createdAt"": ""2026-04-01T18:49:39.360Z"", ""langs"": [""en""], ""reply"": {""parent"": {""cid"": ""bafyreidr3fwbtxwfov77r5sdtr42gvej4vbdnketokw45tehgfwtlriqem"", ""uri"": ""at://did:plc:2sfzopxqkih7jt4mh37tuuow/app.bsky.feed.post/3mihe7wxvdk2i""}, ""root"": {""cid"": ""bafyreidzp6vyggghosk5fd37qyn22ekjnj52b5hcrkkhrhkidccjcet4b4"", ""uri"": ""at://did:plc:2sfzopxqkih7jt4mh37tuuow/app.bsky.feed.post/3mih4f3lx2s2i""}}, ""text"": ""I feel comfortable supporting this proposal knowing that actual small businesses will get the most relief – especially thinking of small businesses in East Portland that need greater support.""}, ""reply_count"": 1, ""repost_count"": 0, ""uri"": ""at://did:plc:2sfzopxqkih7jt4mh37tuuow/app.bsky.feed.post/3mihe7x2v222i""}",I feel comfortable supporting this proposal knowing that actual small businesses will get the most relief – especially thinking of small businesses in East Portland that need greater support.,i feel comfortable supporting this proposal knowing that actual small businesses will get the most relief – especially thinking of small businesses in east portland that need greater support,i feel comfortable supporting this proposal knowing that actual small businesses will get the most relief especially thinking of small businesses in east portland that need greater support,29,190,False,False,False,True,True
at://did:plc:2sfzopxqkih7jt4mh37tuuow/app.bsky.feed.post/3mihe7x2v232i,2026-04-01T18:49:39.361Z,phase6_diagnostic_20260401,hydrated_record_text,cap_20260401T184939Z_85c99020,2026-04-01T18:49:40.703129+00:00,did:plc:2sfzopxqkih7jt4mh37tuuow,2026-04-01T18:49:39.361Z,cap_20260401T184939Z_85c99020,hyd_20260401T185109Z_97b40e6f,did:plc:2sfzopxqkih7jt4mh37tuuow,counciloravalos.bsky.social,2026-04-01T18:49:40.307Z,2026-04-01T18:51:09.700495+00:00,"{""capture_run_id"": ""cap_20260401T184939Z_85c99020"", ""captured_at"": ""2026-04-01T18:49:40.703129+00:00"", ""cid"": ""bafyreifrwg63wfxft27pnpvcyd5u56vgocegiho5j4y24xsv2n6mn3avle"", ""collection"": ""app.bsky.feed.post"", ""event_time"": ""2026-04-01T18:49:40.139Z"", ""has_embed"": false, ""has_reply"": true, ""operation"": ""create"", ""record"": {""$type"": ""app.bsky.feed.post"", ""createdAt"": ""2026-04-01T18:49:39.361Z"", ""langs"": [""en""], ""reply"": {""parent"": {""cid"": ""bafyreia4mepxw2bxkdaawqlvw5dypvujtyipql5ctrkae34janhuhwo2me"", ""uri"": ""at://did:plc:2sfzopxqkih7jt4mh37tuuow/app.bsky.feed.post/3mihe7x2v222i""}, ""root"": {""cid"": ""bafyreidzp6vyggghosk5fd37qyn22ekjnj52b5hcrkkhrhkidccjcet4b4"", ""uri"": ""at://did:plc:2sfzopxqkih7jt4mh37tuuow/app.bsky.feed.post/3mih4f3lx2s2i""}}, ""text"": ""I think we should continue to have a broader conversation about how we measure the effect of policies intended to help small businesses.""}, ""record_created_at"": ""2026-04-01T18:49:39.361Z"", ""repo_did"": ""did:plc:2sfzopxqkih7jt4mh37tuuow"", ""rkey"": ""3mihe7x2v232i"", ""seq"": 28756093237, ""uri"": ""at://did:plc:2sfzopxqkih7jt4mh37tuuow/app.bsky.feed.post/3mihe7x2v232i""}","{""author_did"": ""did:plc:2sfzopxqkih7jt4mh37tuuow"", ""author_display_name"": ""Councilor Candace Avalos"", ""author_handle"": ""counciloravalos.bsky.social"", ""capture_run_id"": ""cap_20260401T184939Z_85c99020"", ""cid"": ""bafyreifrwg63wfxft27pnpvcyd5u56vgocegiho5j4y24xsv2n6mn3avle"", ""hydrate_run_id"": ""hyd_20260401T185109Z_97b40e6f"", ""hydrated_at"": ""2026-04-01T18:51:09.700495+00:00"", ""indexed_at"": ""2026-04-01T18:49:40.307Z"", ""labels"": [], ""like_count"": 1, ""quote_count"": 0, ""record"": {""$type"": ""app.bsky.feed.post"", ""createdAt"": ""2026-04-01T18:49:39.361Z"", ""langs"": [""en""], ""reply"": {""parent"": {""cid"": ""bafyreia4mepxw2bxkdaawqlvw5dypvujtyipql5ctrkae34janhuhwo2me"", ""uri"": ""at://did:plc:2sfzopxqkih7jt4mh37tuuow/app.bsky.feed.post/3mihe7x2v222i""}, ""root"": {""cid"": ""bafyreidzp6vyggghosk5fd37qyn22ekjnj52b5hcrkkhrhkidccjcet4b4"", ""uri"": ""at://did:plc:2sfzopxqkih7jt4mh37tuuow/app.bsky.feed.post/3mih4f3lx2s2i""}}, ""text"": ""I think we should continue to have a broader conversation about how we measure the effect of policies intended to help small businesses.""}, ""reply_count"": 0, ""repost_count"": 0, ""uri"": ""at://did:plc:2sfzopxqkih7jt4mh37tuuow/app.bsky.feed.post/3mihe7x2v232i""}",I think we should continue to have a broader conversation about how we measure the effect of policies intended to help small businesses.,i think we should continue to have a broader conversation about how we measure the effect of policies intended to help small businesses,i think we should continue to have a broader conversation about how we measure the effect of policies intended to help small businesses,23,135,False,False,False,True,False
at://did:plc:3lrbxzufyragh44fsfdhcvz7/app.bsky.feed.post/3mihe7uliys2e,2026-04-01T18:49:36.856Z,phase6_diagnostic_20260401,hydrated_record_text,cap_20260401T184939Z_85c99020,2026-04-01T18:49:40.667797+00:00,did:plc:3lrbxzufyragh44fsfdhcvz7,2026-04-01T18:49:36.856Z,cap_20260401T184939Z_85c99020,hyd_20260401T185109Z_97b40e6f,did:plc:3lrbxzufyragh44fsfdhcvz7,kvrasv.bsky.social,2026-04-01T18:49:39.960Z,2026-04-01T18:51:09.338506+00:00,"{""capture_run_id"": ""cap_20260401T184939Z_85c99020"", ""captured_at"": ""2026-04-01T18:49:40.667797+00:00"", ""cid"": ""bafyreiasvwrlwjiz5lswhbgjypku5sm4of7ag6hexlryqpwbsphjsbrj2a"", ""collection"": ""app.bsky.feed.post"", ""event_time"": ""2026-04-01T18:49:39.343Z"", ""has_embed"": false, ""has_reply"": true, ""operation"": ""create"", ""record"": {""$type"": ""app.bsky.feed.post"", ""createdAt"": ""2026-04-01T18:49:36.856Z"", ""langs"": [""pt""], ""reply"": {""parent"": {""cid"": ""bafyreihzeextdqcg6vn6nyap3tpscml4hg2y7smblvd5k4v3ftohytnfaa"", ""uri"": ""at://did:plc:i6vkyqjhrgzubadlzygmyhl5/app.bsky.feed.post/3mihdzw7yc22c""}, ""root"": {""cid"": ""bafyreihwakp2dis5cos34ia2yoxuh3z5lchmsupgwaxokewaubt6627c7y"", ""uri"": ""at://did:plc:3lrbxzufyragh44fsfdhcvz7/app.bsky.feed.post/3mihdtobci22e""}}, ""text"": ""VOMO""}, ""record_created_at"": ""2026-04-01T18:49:36.856Z"", ""repo_did"": ""did:plc:3lrbxzufyragh44fsfdhcvz7"", ""rkey"": ""3mihe7uliys2e"", ""seq"": 28756093107, ""uri"": ""at://did:plc:3lrbxzufyragh44fsfdhcvz7/app.bsky.feed.post/3mihe7uliys2e""}","{""author_did"": ""did:plc:3lrbxzufyragh44fsfdhcvz7"", ""author_display_name"": ""capiroto de coleira e saia"", ""author_handle"": ""kvrasv.bsky.social"", ""capture_run_id"": ""cap_20260401T184939Z_85c99020"", ""cid"": ""bafyreiasvwrlwjiz5lswhbgjypku5sm4of7ag6hexlryqpwbsphjsbrj2a"", ""hydrate_run_id"": ""hyd_20260401T185109Z_97b40e6f"", ""hydrated_at"": ""2026-04-01T18:51:09.338506+00:00"", ""indexed_at"": ""2026-04-01T18:49:39.960Z"", ""labels"": [], ""like_count"": 1, ""quote_count"": 0, ""record"": {""$type"": ""app.bsky.feed.post"", ""createdAt"": ""2026-04-01T18:49:36.856Z"", ""langs"": [""pt""], ""reply"": {""parent"": {""cid"": ""bafyreihzeextdqcg6vn6nyap3tpscml4hg2y7smblvd5k4v3ftohytnfaa"", ""uri"": ""at://did:plc:i6vkyqjhrgzubadlzygmyhl5/app.bsky.feed.post/3mihdzw7yc22c""}, ""root"": {""cid"": ""bafyreihwakp2dis5cos34ia2yoxuh3z5lchmsupgwaxokewaubt6627c7y"", ""uri"": ""at://did:plc:3lrbxzufyragh44fsfdhcvz7/app.bsky.feed.post/3mihdtobci22e""}}, ""text"": ""VOMO""}, ""reply_count"": 0, ""repost_count"": 0, ""uri"": ""at://did:plc:3lrbxzufyragh44fsfdhcvz7/app.bsky.feed.post/3mihe7uliys2e""}",VOMO,vomo,vomo,1,4,False,False,False,False,False
at://did:plc:6qwef7rd56tmdzwc47jcxmoj/app.bsky.feed.post/3mihe7x7aos27,2026-04-01T18:49:39.600Z,phase6_diagnostic_20260401,hydrated_record_text,cap_20260401T184939Z_85c99020,2026-04-01T18:49:40.672613+00:00,did:plc:6qwef7rd56tmdzwc47jcxmoj,2026-04-01T18:49:39.600Z,cap_20260401T184939Z_85c99020,hyd_20260401T185109Z_97b40e6f,did:plc:6qwef7rd56tmdzwc47jcxmoj,steffmontagne.bsky.social,2026-04-01T18:49:40.154Z,2026-04-01T18:51:09.460847+00:00,"{""capture_run_id"": ""cap_20260401T184939Z_85c99020"", ""captured_at"": ""2026-04-01T18:49:40.672613+00:00"", ""cid"": ""bafyreidqqblrlrntgdidbmp2psof43hegfnqrwt3dqqtdxh7ldbryzb33m"", ""collection"": ""app.bsky.feed.post"", ""event_time"": ""2026-04-01T18:49:39.955Z"", ""has_embed"": true, ""has_reply"": true, ""operation"": ""create"", ""record"": {""$type"": ""app.bsky.feed.post"", ""createdAt"": ""2026-04-01T18:49:39.600Z"", ""embed"": {""$type"": ""app.bsky.embed.record"", ""record"": {""cid"": ""bafyreidn63ra3hv6wym6xhfbpaokpd6ukejxi34jtev3wpo5n5gyxpfqg4"", ""uri"": ""at://did:plc:az3u4wsdoravkk43ibtxoeer/app.bsky.feed.post/3migracmbyk2j""}}, ""facets"": [{""features"": [{""$type"": ""app.bsky.richtext.facet#link"", ""uri"": ""https://bsky.app/profile/ftummescheit.eurosky.social/post/3migracmbyk2j""}], ""index"": {""byteEnd"": 33, ""byteStart"": 9}}], ""langs"": [""de""], ""reply"": {""parent"": {""cid"": ""bafyreidn26mrej65kpz3skwritlhuonpfscs7vpvmmu2kyk6l43pmr756m"", ""uri"": ""at://did:plc:6qwef7rd56tmdzwc47jcxmoj/app.bsky.feed.post/3mieecpplkk26""}, ""root"": {""cid"": ""bafyreidn26mrej65kpz3skwritlhuonpfscs7vpvmmu2kyk6l43pmr756m"", ""uri"": ""at://did:plc:6qwef7rd56tmdzwc47jcxmoj/app.bsky.feed.post/3mieecpplkk26""}}, ""text"": ""👇🏼\nbsky.app/profile/ftum...""}, ""record_created_at"": ""2026-04-01T18:49:39.600Z"", ""repo_did"": ""did:plc:6qwef7rd56tmdzwc47jcxmoj"", ""rkey"": ""3mihe7x7aos27"", ""seq"": 28756093172, ""uri"": ""at://did:plc:6qwef7rd56tmdzwc47jcxmoj/app.bsky.feed.post/3mihe7x7aos27""}","{""author_did"": ""did:plc:6qwef7rd56tmdzwc47jcxmoj"", ""author_display_name"": ""Steff des montagnes"", ""author_handle"": ""steffmontagne.bsky.social"", ""capture_run_id"": ""cap_20260401T184939Z_85c99020"", ""cid"": ""bafyreidqqblrlrntgdidbmp2psof43hegfnqrwt3dqqtdxh7ldbryzb33m"", ""hydrate_run_id"": ""hyd_20260401T185109Z_97b40e6f"", ""hydrated_at"": ""2026-04-01T18:51:09.460847+00:00"", ""indexed_at"": ""2026-04-01T18:49:40.154Z"", ""labels"": [], ""like_count"": 0, ""quote_count"": 0, ""record"": {""$type"": ""app.bsky.feed.post"", ""createdAt"": ""2026-04-01T18:49:39.600Z"", ""embed"": {""$type"": ""app.bsky.embed.record"", ""record"": {""cid"": ""bafyreidn63ra3hv6wym6xhfbpaokpd6ukejxi34jtev3wpo5n5gyxpfqg4"", ""uri"": ""at://did:plc:az3u4wsdoravkk43ibtxoeer/app.bsky.feed.post/3migracmbyk2j""}}, ""facets"": [{""features"": [{""$type"": ""app.bsky.richtext.facet#link"", ""uri"": ""https://bsky.app/profile/ftummescheit.eurosky.social/post/3migracmbyk2j""}], ""index"": {""byteEnd"": 33, ""byteStart"": 9}}], ""langs"": [""de""], ""reply"": {""parent"": {""cid"": ""bafyreidn26mrej65kpz3skwritlhuonpfscs7vpvmmu2kyk6l43pmr756m"", ""uri"": ""at://did:plc:6qwef7rd56tmdzwc47jcxmoj/app.bsky.feed.post/3mieecpplkk26""}, ""root"": {""cid"": ""bafyreidn26mrej65kpz3skwritlhuonpfscs7vpvmmu2kyk6l43pmr756m"", ""uri"": ""at://did:plc:6qwef7rd56tmdzwc47jcxmoj/app.bsky.feed.post/3mieecpplkk26""}}, ""text"": ""👇🏼\nbsky.app/profile/ftum...""}, ""reply_count"": 0, ""repost_count"": 0, ""uri"": ""at://did:plc:6qwef7rd56tmdzwc47jcxmoj/app.bsky.feed.post/3mihe7x7aos27""}","👇🏼
bsky.app/profile/ftum...",👇🏼 bsky app profile ftum,bsky app profile ftum,5,24,False,True,False,True,True
at://did:plc:6ynu6lrhxwba2tpymrivujsp/app.bsky.feed.post/3mihe7ulg3223,2026-04-01T18:49:36.853Z,phase6_diagnostic_20260401,hydrated_record_text,cap_20260401T184939Z_85c99020,2026-04-01T18:49:40.670655+00:00,did:plc:6ynu6lrhxwba2tpymrivujsp,2026-04-01T18:49:36.853Z,cap_20260401T184939Z_85c99020,hyd_20260401T185109Z_97b40e6f,did:plc:6ynu6lrhxwba2tpymrivujsp,forgottenscales.bsky.social,2026-04-01T18:49:40.063Z,2026-04-01T18:51:09.338506+00:00,"{""capture_run_id"": ""cap_20260401T184939Z_85c99020"", ""captured_at"": ""2026-04-01T18:49:40.670655+00:00"", ""cid"": ""bafyreigcdpau2op4pgbwitp43rd23leqaucwaijcz4eu62c3nbzc3l53jy"", ""collection"": ""app.bsky.feed.post"", ""event_time"": ""2026-04-01T18:49:39.955Z"", ""has_embed"": false, ""has_reply"": true, ""operation"": ""create"", ""record"": {""$type"": ""app.bsky.feed.post"", ""createdAt"": ""2026-04-01T18:49:36.853Z"", ""langs"": [""en""], ""reply"": {""parent"": {""cid"": ""bafyreihqlrpd3gxipajttotlsoninjzzcqyekzthptvz4l7own6chpfoyq"", ""uri"": ""at://did:plc:2dz5lhoqi7bdjsshpnntcnol/app.bsky.feed.post/3mihe46jijc2v""}, ""root"": {""cid"": ""bafyreiebssj7sksbqgiehgrahnqdbpujebq6267s4ql3lbi2i5s24wxy5u"", ""uri"": ""at://did:plc:6ynu6lrhxwba2tpymrivujsp/app.bsky.feed.post/3mihcum5tok2q""}}, ""text"": ""Once you go in you're (glp) knot... coming out \n\nlaughtrack""}, ""record_created_at"": ""2026-04-01T18:49:36.853Z"", ""repo_did"": ""did:plc:6ynu6lrhxwba2tpymrivujsp"", ""rkey"": ""3mihe7ulg3223"", ""seq"": 28756093149, ""uri"": ""at://did:plc:6ynu6lrhxwba2tpymrivujsp/app.bsky.feed.post/3mihe7ulg3223""}","{""author_did"": ""did:plc:6ynu6lrhxwba2tpymrivujsp"", ""author_display_name"": ""Forgottenscales🔞"", ""author_handle"": ""forgottenscales.bsky.social"", ""capture_run_id"": ""cap_20260401T184939Z_85c99020"", ""cid"": ""bafyreigcdpau2op4pgbwitp43rd23leqaucwaijcz4eu62c3nbzc3l53jy"", ""hydrate_run_id"": ""hyd_20260401T185109Z_97b40e6f"", ""hydrated_at"": ""2026-04-01T18:51:09.338506+00:00"", ""indexed_at"": ""2026-04-01T18:49:40.063Z"", ""labels"": [], ""like_count"": 1, ""quote_count"": 0, ""record"": {""$type"": ""app.bsky.feed.post"", ""createdAt"": ""2026-04-01T18:49:36.853Z"", ""langs"": [""en""], ""reply"": {""parent"": {""cid"": ""bafyreihqlrpd3gxipajttotlsoninjzzcqyekzthptvz4l7own6chpfoyq"", ""uri"": ""at://did:plc:2dz5lhoqi7bdjsshpnntcnol/app.bsky.feed.post/3mihe46jijc2v""}, ""root"": {""cid"": ""bafyreiebssj7sksbqgiehgrahnqdbpujebq6267s4ql3lbi2i5s24wxy5u"", ""uri"": ""at://did:plc:6ynu6lrhxwba2tpymrivujsp/app.bsky.feed.post/3mihcum5tok2q""}}, ""text"": ""Once you go in you're (glp) knot... coming out \n\nlaughtrack""}, ""reply_count"": 1, ""repost_count"": 0, ""uri"": ""at://did:plc:6ynu6lrhxwba2tpymrivujsp/app.bsky.feed.post/3mihe7ulg3223""}","Once you go in you're (glp) knot... coming out 

laughtrack",once you go in you're glp knot coming out laughtrack,once you go in you re glp knot coming out laughtrack,10,52,False,False,False,True,False
at://did:plc:73qgdt6gfor27mdo65lgygxh/app.bsky.feed.post/3mihe7wbmh22n,2026-04-01T18:49:38.628Z,phase6_diagnostic_20260401,hydrated_record_text,cap_20260401T184939Z_85c99020,2026-04-01T18:49:40.669261+00:00,did:plc:73qgdt6gfor27mdo65lgygxh,2026-04-01T18:49:38.628Z,cap_20260401T184939Z_85c99020,hyd_20260401T185109Z_97b40e6f,did:plc:73qgdt6gfor27mdo65lgygxh,noriks.bsky.social,2026-04-01T18:49:40.056Z,2026-04-01T18:51:09.338506+00:00,"{""capture_run_id"": ""cap_20260401T184939Z_85c99020"", ""captured_at"": ""2026-04-01T18:49:40.669261+00:00"", ""cid"": ""bafyreidpce3ncu35lt5wmzu5ovvghmnrn3r6qzliug6qlr3hlk2va5h6mi"", ""collection"": ""app.bsky.feed.post"", ""event_time"": ""2026-04-01T18:49:39.927Z"", ""has_embed"": true, ""has_reply"": false, ""operation"": ""create"", ""record"": {""$type"": ""app.bsky.feed.post"", ""createdAt"": ""2026-04-01T18:49:38.628Z"", ""embed"": {""$type"": ""app.bsky.embed.external"", ""external"": {""description"": ""YouTube video by AmericansPerspective"", ""thumb"": {""$type"": ""blob"", ""mimeType"": ""image/jpeg"", ""ref"": {""$bytes_b64"": ""AVUSILbgv2ZBUskiehzV00FVRWTmQMAJ3KyYG/B/tXtSWU6F""}, ""size"": 51716}, ""title"": ""Cher's Secret Singing Debut Da Doo Ron Ron Story via Paul Harvey #shorts"", ""uri"": ""https://youtube.com/shorts/mmokhbquBcM?si=0Y4y2nvp61BAF_NG""}}, ""facets"": [{""features"": [{""$type"": ""app.bsky.richtext.facet#link"", ""uri"": ""https://youtube.com/shorts/mmokhbquBcM?si=0Y4y2nvp61BAF_NG""}], ""index"": {""byteEnd"": 27, ""byteStart"": 0}}], ""langs"": [""en""], ""text"": ""youtube.com/shorts/mmokh...\n\nGREAT STORY!!!""}, ""record_created_at"": ""2026-04-01T18:49:38.628Z"", ""repo_did"": ""did:plc:73qgdt6gfor27mdo65lgygxh"", ""rkey"": ""3mihe7wbmh22n"", ""seq"": 28756093123, ""uri"": ""at://did:plc:73qgdt6gfor27mdo65lgygxh/app.bsky.feed.post/3mihe7wbmh22n""}","{""author_did"": ""did:plc:73qgdt6gfor27mdo65lgygxh"", ""author_display_name"": ""Noriks 🇨🇦  🇺🇦 🇪🇺 🇲🇽 🐦‍⬛ 🐈‍⬛ ♎️"", ""author_handle"": ""noriks.bsky.social"", ""capture_run_id"": ""cap_20260401T184939Z_85c99020"", ""cid"": ""bafyreidpce3ncu35lt5wmzu5ovvghmnrn3r6qzliug6qlr3hlk2va5h6mi"", ""hydrate_run_id"": ""hyd_20260401T185109Z_97b40e6f"", ""hydrated_at"": ""2026-04-01T18:51:09.338506+00:00"", ""indexed_at"": ""2026-04-01T18:49:40.056Z"", ""labels"": [], ""like_count"": 0, ""quote_count"": 0, ""record"": {""$type"": ""app.bsky.feed.post"", ""createdAt"": ""2026-04-01T18:49:38.628Z"", ""embed"": {""$type"": ""app.bsky.embed.external"", ""external"": {""description"": ""YouTube video by AmericansPerspective"", ""thumb"": {""$type"": ""blob"", ""mimeType"": ""image/jpeg"", ""ref"": {""$link"": ""bafkreifw4c7wmqkszerhuhgv2navkrle4zamaco4vsmbx4d7wv5vewkoqu""}, ""size"": 51716}, ""title"": ""Cher's Secret Singing Debut Da Doo Ron Ron Story via Paul Harvey #shorts"", ""uri"": ""https://youtube.com/shorts/mmokhbquBcM?si=0Y4y2nvp61BAF_NG""}}, ""facets"": [{""features"": [{""$type"": ""app.bsky.richtext.facet#link"", ""uri"": ""https://youtube.com/shorts/mmokhbquBcM?si=0Y4y2nvp61BAF_NG""}], ""index"": {""byteEnd"": 27, ""byteStart"": 0}}], ""langs"": [""en""], ""text"": ""youtube.com/shorts/mmokh...\n\nGREAT STORY!!!""}, ""reply_count"": 0, ""repost_count"": 0, ""uri"": ""at://did:plc:73qgdt6gfor27mdo65lgygxh/app.bsky.feed.post/3mihe7wbmh22n""}","youtube.com/shorts/mmokh...

GREAT STORY!!!",youtube com shorts mmokh great story,youtube com shorts mmokh great story,6,36,False,True,False,True,False
at://did:plc:7ia5gyyqv2will5wxhrdey5h/app.bsky.feed.post/3mihe7wytqw27,2026-04-01T18:49:39.262255+00:00,phase6_diagnostic_20260401,hydrated_record_text,cap_20260401T184939Z_85c99020,2026-04-01T18:49:40.665722+00:00,did:plc:7ia5gyyqv2will5wxhrdey5h,2026-04-01T18:49:39.262255+00:00,cap_20260401T184939Z_85c99020,hyd_20260401T185109Z_97b40e6f,did:plc:7ia5gyyqv2will5wxhrdey5h,mzc0.bsky.social,2026-04-01T18:49:39.953Z,2026-04-01T18:51:09.213868+00:00,"{""capture_run_id"": ""cap_20260401T184939Z_85c99020"", ""captured_at"": ""2026-04-01T18:49:40.665722+00:00"", ""cid"": ""bafyreicqrz3xmj6e5ptgpvn6ljsti3jxbog4p4q652qwbnaig6x7blfrsa"", ""collection"": ""app.bsky.feed.post"", ""event_time"": ""2026-04-01T18:49:39.395Z"", ""has_embed"": false, ""has_reply"": false, ""operation"": ""create"", ""record"": {""$type"": ""app.bsky.feed.post"", ""createdAt"": ""2026-04-01T18:49:39.262255+00:00"", ""langs"": [""en""], ""text"": ""macro: ku0kpgTKru7UXuJ2lKcv""}, ""record_created_at"": ""2026-04-01T18:49:39.262255+00:00"", ""repo_did"": ""did:plc:7ia5gyyqv2will5wxhrdey5h"", ""rkey"": ""3mihe7wytqw27"", ""seq"": 28756093073, ""uri"": ""at://did:plc:7ia5gyyqv2will5wxhrdey5h/app.bsky.feed.post/3mihe7wytqw27""}","{""author_did"": ""did:plc:7ia5gyyqv2will5wxhrdey5h"", ""author_display_name"": ""ニュース配信bot"", ""author_handle"": ""mzc0.bsky.social"", ""capture_run_id"": ""cap_20260401T184939Z_85c99020"", ""cid"": ""bafyreicqrz3xmj6e5ptgpvn6ljsti3jxbog4p4q652qwbnaig6x7blfrsa"", ""hydrate_run_id"": ""hyd_20260401T185109Z_97b40e6f"", ""hydrated_at"": ""2026-04-01T18:51:09.213868+00:00"", ""indexed_at"": ""2026-04-01T18:49:39.953Z"", ""labels"": [], ""like_count"": 0, ""quote_count"": 0, ""record"": {""$type"": ""app.bsky.feed.post"", ""createdAt"": ""2026-04-01T18:49:39.262255+00:00"", ""langs"": [""en""], ""text"": ""macro: ku0kpgTKru7UXuJ2lKcv""}, ""reply_count"": 0, ""repost_count"": 0, ""uri"": ""at://did:plc:7ia5gyyqv2will5wxhrdey5h/app.bsky.feed.post/3mihe7wytqw27""}",macro: ku0kpgTKru7UXuJ2lKcv,macro ku0kpgtkru7uxuj2lkcv,macro ku0kpgtkru7uxuj2lkcv,2,26,False,False,False,True,False
at://did:plc:7ia5gyyqv2will5wxhrdey5h/app.bsky.feed.post/3mihe7xdg3625,2026-04-01T18:49:39.540077+00:00,phase6_diagnostic_20260401,hydrated_record_text,cap_20260401T184939Z_85c99020,2026-04-01T18:49:40.668381+00:00,did:plc:7ia5gyyqv2will5wxhrdey5h,2026-04-01T18:49:39.540077+00:00,cap_20260401T184939Z_85c99020,hyd_20260401T185109Z_97b40e6f,did:plc:7ia5gyyqv2will5wxhrdey5h,mzc0.bsky.social,2026-04-01T18:49:40.051Z,2026-04-01T18:51:09.338506+00:00,"{""capture_run_id"": ""cap_20260401T184939Z_85c99020"", ""captured_at"": ""2026-04-01T18:49:40.668381+00:00"", ""cid"": ""bafyreids6y45rtdvpp2yrkgfkguic4ygubs67ecvzdmj6kvxakutkgau4a"", ""collection"": ""app.bsky.feed.post"", ""event_time"": ""2026-04-01T18:49:39.742Z"", ""has_embed"": false, ""has_reply"": false, ""operation"": ""create"", ""record"": {""$type"": ""app.bsky.feed.post"", ""createdAt"": ""2026-04-01T18:49:39.540077+00:00"", ""langs"": [""en""], ""text"": ""macro: fJ5i1Vx7owTQvxWy9kgb""}, ""record_created_at"": ""2026-04-01T18:49:39.540077+00:00"", ""repo_did"": ""did:plc:7ia5gyyqv2will5wxhrdey5h"", ""rkey"": ""3mihe7xdg3625"", ""seq"": 28756093114, ""uri"": ""at://did:plc:7ia5gyyqv2will5wxhrdey5h/app.bsky.feed.post/3mihe7xdg3625""}","{""author_did"": ""did:plc:7ia5gyyqv2will5wxhrdey5h"", ""author_display_name"": ""ニュース配信bot"", ""author_handle"": ""mzc0.bsky.social"", ""capture_run_id"": ""cap_20260401T184939Z_85c99020"", ""cid"": ""bafyreids6y45rtdvpp2yrkgfkguic4ygubs67ecvzdmj6kvxakutkgau4a"", ""hydrate_run_id"": ""hyd_20260401T185109Z_97b40e6f"", ""hydrated_at"": ""2026-04-01T18:51:09.338506+00:00"", ""indexed_at"": ""2026-04-01T18:49:40.051Z"", ""labels"": [], ""like_count"": 0, ""quote_count"": 0, ""record"": {""$type"": ""app.bsky.feed.post"", ""createdAt"": ""2026-04-01T18:49:39.540077+00:00"", ""langs"": [""en""], ""text"": ""macro: fJ5i1Vx7owTQvxWy9kgb""}, ""reply_count"": 0, ""repost_count"": 0, ""uri"": ""at://did:plc:7ia5gyyqv2will5wxhrdey5h/app.bsky.feed.post/3mihe7xdg3625""}",macro: fJ5i1Vx7owTQvxWy9kgb,macro fj5i1vx7owtqvxwy9kgb,macro fj5i1vx7owtqvxwy9kgb,2,26,False,False,False,True,False
at://did:plc:7ia5gyyqv2will5wxhrdey5h/app.bsky.feed.post/3mihe7xm4sr26,2026-04-01T18:49:39.887350+00:00,phase6_diagnostic_20260401,hydrated_record_text,cap_20260401T184939Z_85c99020,2026-04-01T18:49:40.672961+00:00,did:plc:7ia5gyyqv2will5wxhrdey5h,2026-04-01T18:49:39.887350+00:00,cap_20260401T184939Z_85c99020,hyd_20260401T185109Z_97b40e6f,did:plc:7ia5gyyqv2will5wxhrdey5h,mzc0.bsky.social,2026-04-01T18:49:40.152Z,2026-04-01T18:51:09.460847+00:00,"{""capture_run_id"": ""cap_20260401T184939Z_85c99020"", ""captured_at"": ""2026-04-01T18:49:40.672961+00:00"", ""cid"": ""bafyreif6gvmvingejeuqdimh7mpatw7ntzcy3vljctyimanp7ova7go3um"", ""collection"": ""app.bsky.feed.post"", ""event_time"": ""2026-04-01T18:49:40.023Z"", ""has_embed"": false, ""has_reply"": false, ""operation"": ""create"", ""record"": {""$type"": ""app.bsky.feed.post"", ""createdAt"": ""2026-04-01T18:49:39.887350+00:00"", ""langs"": [""en""], ""text"": ""macro: xFafKopVCM6x39J9RD3N""}, ""record_created_at"": ""2026-04-01T18:49:39.887350+00:00"", ""repo_did"": ""did:plc:7ia5gyyqv2will5wxhrdey5h"", ""rkey"": ""3mihe7xm4sr26"", ""seq"": 28756093173, ""uri"": ""at://did:plc:7ia5gyyqv2will5wxhrdey5h/app.bsky.feed.post/3mihe7xm4sr26""}","{""author_did"": ""did:plc:7ia5gyyqv2will5wxhrdey5h"", ""author_display_name"": ""ニュース配信bot"", ""author_handle"": ""mzc0.bsky.social"", ""capture_run_id"": ""cap_20260401T184939Z_85c99020"", ""cid"": ""bafyreif6gvmvingejeuqdimh7mpatw7ntzcy3vljctyimanp7ova7go3um"", ""hydrate_run_id"": ""hyd_20260401T185109Z_97b40e6f"", ""hydrated_at"": ""2026-04-01T18:51:09.460847+00:00"", ""indexed_at"": ""2026-04-01T18:49:40.152Z"", ""labels"": [], ""like_count"": 0, ""quote_count"": 0, ""record"": {""$type"": ""app.bsky.feed.post"", ""createdAt"": ""2026-04-01T18:49:39.887350+00:00"", ""langs"": [""en""], ""text"": ""macro: xFafKopVCM6x39J9RD3N""}, ""reply_count"": 0, ""repost_count"": 0, ""uri"": ""at://did:plc:7ia5gyyqv2will5wxhrdey5h/app.bsky.feed.post/3mihe7xm4sr26""}",macro: xFafKopVCM6x39J9RD3N,macro xfafkopvcm6x39j9rd3n,macro xfafkopvcm6x39j9rd3n,2,26,False,False,False,True,False
at://did:plc:bbnmvfy5qfmn7woxivob6sar/app.bsky.feed.post/3mihe7wzack25,2026-04-01T18:49:39.403Z,phase6_diagnostic_20260401,hydrated_record_text,cap_20260401T184939Z_85c99020,2026-04-01T18:49:40.676077+00:00,did:plc:bbnmvfy5qfmn7woxivob6sar,2026-04-01T18:49:39.403Z,cap_20260401T184939Z_85c99020,hyd_20260401T185109Z_97b40e6f,did:plc:bbnmvfy5qfmn7woxivob6sar,davidrlurie.com,2026-04-01T18:49:40.253Z,2026-04-01T18:51:09.583533+00:00,"{""capture_run_id"": ""cap_20260401T184939Z_85c99020"", ""captured_at"": ""2026-04-01T18:49:40.676077+00:00"", ""cid"": ""bafyreicandsx6har6x2derlbbbuz4caobtuk5v2r7i4obkn5ukuspilvvm"", ""collection"": ""app.bsky.feed.post"", ""event_time"": ""2026-04-01T18:49:40.143Z"", ""has_embed"": false, ""has_reply"": true, ""operation"": ""create"", ""record"": {""$type"": ""app.bsky.feed.post"", ""createdAt"": ""2026-04-01T18:49:39.403Z"", ""langs"": [""en""], ""reply"": {""parent"": {""cid"": ""bafyreigkzlw7psowwhjkbtmeyooghsxiymubkxm7sj3umrmrvh2rjh4rmm"", ""uri"": ""at://did:plc:okutncfdysejsnzhawqzjy52/app.bsky.feed.post/3mihe33xork2u""}, ""root"": {""cid"": ""bafyreidkxvef44x6j4i2gyfzolitlmjy5zgjprj7ezkea6ntcz3gbsus3i"", ""uri"": ""at://did:plc:bbnmvfy5qfmn7woxivob6sar/app.bsky.feed.post/3mihcuj6ivk25""}}, ""text"": ""The truth is, these are not very bright guys, as Deep Throat explained. Elect one of them.""}, ""record_created_at"": ""2026-04-01T18:49:39.403Z"", ""repo_did"": ""did:plc:bbnmvfy5qfmn7woxivob6sar"", ""rkey"": ""3mihe7wzack25"", ""seq"": 28756093220, ""uri"": ""at://did:plc:bbnmvfy5qfmn7woxivob6sar/app.bsky.feed.post/3mihe7wzack25""}","{""author_did"": ""did:plc:bbnmvfy5qfmn7woxivob6sar"", ""author_display_name"": ""davidrlurie"", ""author_handle"": ""davidrlurie.com"", ""capture_run_id"": ""cap_20260401T184939Z_85c99020"", ""cid"": ""bafyreicandsx6har6x2derlbbbuz4caobtuk5v2r7i4obkn5ukuspilvvm"", ""hydrate_run_id"": ""hyd_20260401T185109Z_97b40e6f"", ""hydrated_at"": ""2026-04-01T18:51:09.583533+00:00"", ""indexed_at"": ""2026-04-01T18:49:40.253Z"", ""labels"": [], ""like_count"": 0, ""quote_count"": 0, ""record"": {""$type"": ""app.bsky.feed.post"", ""createdAt"": ""2026-04-01T18:49:39.403Z"", ""langs"": [""en""], ""reply"": {""parent"": {""cid"": ""bafyreigkzlw7psowwhjkbtmeyooghsxiymubkxm7sj3umrmrvh2rjh4rmm"", ""uri"": ""at://did:plc:okutncfdysejsnzhawqzjy52/app.bsky.feed.post/3mihe33xork2u""}, ""root"": {""cid"": ""bafyreidkxvef44x6j4i2gyfzolitlmjy5zgjprj7ezkea6ntcz3gbsus3i"", ""uri"": ""at://did:plc:bbnmvfy5qfmn7woxivob6sar/app.bsky.feed.post/3mihcuj6ivk25""}}, ""text"": ""The truth is, these are not very bright guys, as Deep Throat explained. Elect one of them.""}, ""reply_count"": 0, ""repost_count"": 0, ""uri"": ""at://did:plc:bbnmvfy5qfmn7woxivob6sar/app.bsky.feed.post/3mihe7wzack25""}","The truth is, these are not very bright guys, as Deep Throat explained. Elect one of them.",the truth is these are not very bright guys as deep throat explained elect one of them,the truth is these are not very bright guys as deep throat explained elect one of them,17,86,False,False,False,True,False
at://did:plc:cvkq23fzlc3ci2ihkf35hzvn/app.bsky.feed.post/3mihe7vplcc2p,2026-04-01T18:49:38.037Z,phase6_diagnostic_20260401,hydrated_record_text,cap_20260401T184939Z_85c99020,2026-04-01T18:49:40.675656+00:00,did:plc:cvkq23fzlc3ci2ihkf35hzvn,2026-04-01T18:49:38.037Z,cap_20260401T184939Z_85c99020,hyd_20260401T185109Z_97b40e6f,did:plc:cvkq23fzlc3ci2ihkf35hzvn,bmanxs.bsky.social,2026-04-01T18:49:40.253Z,2026-04-01T18:51:09.583533+00:00,"{""capture_run_id"": ""cap_20260401T184939Z_85c99020"", ""captured_at"": ""2026-04-01T18:49:40.675656+00:00"", ""cid"": ""bafyreibtvul6r73v6ov7hxpalaas55w655epn5ohr2wux576fbdjco7mxa"", ""collection"": ""app.bsky.feed.post"", ""event_time"": ""2026-04-01T18:49:40.043Z"", ""has_embed"": true, ""has_reply"": true, ""operation"": ""create"", ""record"": {""$type"": ""app.bsky.feed.post"", ""createdAt"": ""2026-04-01T18:49:38.037Z"", ""embed"": {""$type"": ""app.bsky.embed.external"", ""external"": {""description"": ""ALT: a girl in a purple and white dress with a red bow on her head"", ""thumb"": {""$type"": ""blob"", ""mimeType"": ""image/jpeg"", ""ref"": {""$bytes_b64"": ""AVUSIEALOeKLfoo07JCZaXxBlDKvbfai2EbjgQ7rIUu255MZ""}, ""size"": 187161}, ""title"": ""a girl in a purple and white dress with a red bow on her head"", ""uri"": ""https://media.tenor.com/a8BlkKWYre4AAAAC/agnes-digital-digital.gif?hh=482&ww=417""}}, ""langs"": [""pt""], ""reply"": {""parent"": {""cid"": ""bafyreigfg6noowgsrxje6kza6h5f7bd4qc5wbe4za7oe7rmh3xpwalxoqi"", ""uri"": ""at://did:plc:hgkzkemusjvuew2yasxgtdo4/app.bsky.feed.post/3mifjit6ch22y""}, ""root"": {""cid"": ""bafyreigfg6noowgsrxje6kza6h5f7bd4qc5wbe4za7oe7rmh3xpwalxoqi"", ""uri"": ""at://did:plc:hgkzkemusjvuew2yasxgtdo4/app.bsky.feed.post/3mifjit6ch22y""}}, ""text"": ""Que fofa, meu deus do céu""}, ""record_created_at"": ""2026-04-01T18:49:38.037Z"", ""repo_did"": ""did:plc:cvkq23fzlc3ci2ihkf35hzvn"", ""rkey"": ""3mihe7vplcc2p"", ""seq"": 28756093217, ""uri"": ""at://did:plc:cvkq23fzlc3ci2ihkf35hzvn/app.bsky.feed.post/3mihe7vplcc2p""}","{""author_did"": ""did:plc:cvkq23fzlc3ci2ihkf35hzvn"", ""author_display_name"": ""Breno 🐙"", ""author_handle"": ""bmanxs.bsky.social"", ""capture_run_id"": ""cap_20260401T184939Z_85c99020"", ""cid"": ""bafyreibtvul6r73v6ov7hxpalaas55w655epn5ohr2wux576fbdjco7mxa"", ""hydrate_run_id"": ""hyd_20260401T185109Z_97b40e6f"", ""hydrated_at"": ""2026-04-01T18:51:09.583533+00:00"", ""indexed_at"": ""2026-04-01T18:49:40.253Z"", ""labels"": [], ""like_count"": 0, ""quote_count"": 0, ""record"": {""$type"": ""app.bsky.feed.post"", ""createdAt"": ""2026-04-01T18:49:38.037Z"", ""embed"": {""$type"": ""app.bsky.embed.external"", ""external"": {""description"": ""ALT: a girl in a purple and white dress with a red bow on her head"", ""thumb"": {""$type"": ""blob"", ""mimeType"": ""image/jpeg"", ""ref"": {""$link"": ""bafkreicabm46fc36ri2ozeeznf6edfbsv5w7niwyi3rycdxleff3nz4tde""}, ""size"": 187161}, ""title"": ""a girl in a purple and white dress with a red bow on her head"", ""uri"": ""https://media.tenor.com/a8BlkKWYre4AAAAC/agnes-digital-digital.gif?hh=482&ww=417""}}, ""langs"": [""pt""], ""reply"": {""parent"": {""cid"": ""bafyreigfg6noowgsrxje6kza6h5f7bd4qc5wbe4za7oe7rmh3xpwalxoqi"", ""uri"": ""at://did:plc:hgkzkemusjvuew2yasxgtdo4/app.bsky.feed.post/3mifjit6ch22y""}, ""root"": {""cid"": ""bafyreigfg6noowgsrxje6kza6h5f7bd4qc5wbe4za7oe7rmh3xpwalxoqi"", ""uri"": ""at://did:plc:hgkzkemusjvuew2yasxgtdo4/app.bsky.feed.post/3mifjit6ch22y""}}, ""text"": ""Que fofa, meu deus do céu""}, ""reply_count"": 0, ""repost_count"": 0, ""uri"": ""at://did:plc:cvkq23fzlc3ci2ihkf35hzvn/app.bsky.feed.post/3mihe7vplcc2p""}","Que fofa, meu deus do céu",que fofa meu deus do céu,que fofa meu deus do c u,6,24,False,False,False,True,True
at://did:plc:d4s4lbniditntv3drhxdo3q5/app.bsky.feed.post/3mihe7xouos2f,2026-04-01T18:49:40.112Z,phase6_diagnostic_20260401,hydrated_record_text,cap_20260401T184939Z_85c99020,2026-04-01T18:49:40.704141+00:00,did:plc:d4s4lbniditntv3drhxdo3q5,2026-04-01T18:49:40.112Z,cap_20260401T184939Z_85c99020,hyd_20260401T185109Z_97b40e6f,did:plc:d4s4lbniditntv3drhxdo3q5,camilasc.bsky.social,2026-04-01T18:49:40.351Z,2026-04-01T18:51:09.700495+00:00,"{""capture_run_id"": ""cap_20260401T184939Z_85c99020"", ""captured_at"": ""2026-04-01T18:49:40.704141+00:00"", ""cid"": ""bafyreihkmgsgjzusgxhxyvzmihmhnhb773q34bzaqrswdp3rkvbn5fzhly"", ""collection"": ""app.bsky.feed.post"", ""event_time"": ""2026-04-01T18:49:40.193Z"", ""has_embed"": false, ""has_reply"": false, ""operation"": ""create"", ""record"": {""$type"": ""app.bsky.feed.post"", ""createdAt"": ""2026-04-01T18:49:40.112Z"", ""facets"": [{""features"": [{""$type"": ""app.bsky.richtext.facet#tag"", ""tag"": ""bbb26""}], ""index"": {""byteEnd"": 60, ""byteStart"": 54}}], ""langs"": [""en""], ""text"": ""ISSO MILENA VAI TB ENQUADREM A SONSA 🔥🔥🔥🔥 #bbb26""}, ""record_created_at"": ""2026-04-01T18:49:40.112Z"", ""repo_did"": ""did:plc:d4s4lbniditntv3drhxdo3q5"", ""rkey"": ""3mihe7xouos2f"", ""seq"": 28756093250, ""uri"": ""at://did:plc:d4s4lbniditntv3drhxdo3q5/app.bsky.feed.post/3mihe7xouos2f""}","{""author_did"": ""did:plc:d4s4lbniditntv3drhxdo3q5"", ""author_display_name"": ""camilasc ✸ 🐦"", ""author_handle"": ""camilasc.bsky.social"", ""capture_run_id"": ""cap_20260401T184939Z_85c99020"", ""cid"": ""bafyreihkmgsgjzusgxhxyvzmihmhnhb773q34bzaqrswdp3rkvbn5fzhly"", ""hydrate_run_id"": ""hyd_20260401T185109Z_97b40e6f"", ""hydrated_at"": ""2026-04-01T18:51:09.700495+00:00"", ""indexed_at"": ""2026-04-01T18:49:40.351Z"", ""labels"": [], ""like_count"": 4, ""quote_count"": 0, ""record"": {""$type"": ""app.bsky.feed.post"", ""createdAt"": ""2026-04-01T18:49:40.112Z"", ""facets"": [{""features"": [{""$type"": ""app.bsky.richtext.facet#tag"", ""tag"": ""bbb26""}], ""index"": {""byteEnd"": 60, ""byteStart"": 54}}], ""langs"": [""en""], ""text"": ""ISSO MILENA VAI TB ENQUADREM A SONSA 🔥🔥🔥🔥 #bbb26""}, ""reply_count"": 0, ""repost_count"": 0, ""uri"": ""at://did:plc:d4s4lbniditntv3drhxdo3q5/app.bsky.feed.post/3mihe7xouos2f""}",ISSO MILENA VAI TB ENQUADREM A SONSA 🔥🔥🔥🔥 #bbb26,isso milena vai tb enquadrem a sonsa 🔥🔥🔥🔥 #bbb26,isso milena vai tb enquadrem a sonsa bbb26,9,48,True,False,False,True,True
at://did:plc:f3owinxhzhbc4qn4j6gjar2p/app.bsky.feed.post/3mihe7x6jas2i,2026-04-01T18:49:39.576Z,phase6_diagnostic_20260401,hydrated_record_text,cap_20260401T184939Z_85c99020,2026-04-01T18:49:40.672019+00:00,did:plc:f3owinxhzhbc4qn4j6gjar2p,2026-04-01T18:49:39.576Z,cap_20260401T184939Z_85c99020,hyd_20260401T185109Z_97b40e6f,did:plc:f3owinxhzhbc4qn4j6gjar2p,krodinehardy.bsky.social,2026-04-01T18:49:40.150Z,2026-04-01T18:51:09.460847+00:00,"{""capture_run_id"": ""cap_20260401T184939Z_85c99020"", ""captured_at"": ""2026-04-01T18:49:40.672019+00:00"", ""cid"": ""bafyreiacktxcrkczulv5djyz7zn54ls77kthabeh3nd3sxkpwbpwlduuee"", ""collection"": ""app.bsky.feed.post"", ""event_time"": ""2026-04-01T18:49:39.786Z"", ""has_embed"": false, ""has_reply"": true, ""operation"": ""create"", ""record"": {""$type"": ""app.bsky.feed.post"", ""createdAt"": ""2026-04-01T18:49:39.576Z"", ""langs"": [""en""], ""reply"": {""parent"": {""cid"": ""bafyreihoj2z3kowtzfprhit56awsgyrbwbltgasbynwgw5mgrmqpu7rc2e"", ""uri"": ""at://did:plc:bcen47iol6hccqoufvtk7wt6/app.bsky.feed.post/3mihe2on2gk2p""}, ""root"": {""cid"": ""bafyreihoj2z3kowtzfprhit56awsgyrbwbltgasbynwgw5mgrmqpu7rc2e"", ""uri"": ""at://did:plc:bcen47iol6hccqoufvtk7wt6/app.bsky.feed.post/3mihe2on2gk2p""}}, ""text"": ""oh. 🤮""}, ""record_created_at"": ""2026-04-01T18:49:39.576Z"", ""repo_did"": ""did:plc:f3owinxhzhbc4qn4j6gjar2p"", ""rkey"": ""3mihe7x6jas2i"", ""seq"": 28756093164, ""uri"": ""at://did:plc:f3owinxhzhbc4qn4j6gjar2p/app.bsky.feed.post/3mihe7x6jas2i""}","{""author_did"": ""did:plc:f3owinxhzhbc4qn4j6gjar2p"", ""author_display_name"": ""Kirsten Rodine-Hardy"", ""author_handle"": ""krodinehardy.bsky.social"", ""capture_run_id"": ""cap_20260401T184939Z_85c99020"", ""cid"": ""bafyreiacktxcrkczulv5djyz7zn54ls77kthabeh3nd3sxkpwbpwlduuee"", ""hydrate_run_id"": ""hyd_20260401T185109Z_97b40e6f"", ""hydrated_at"": ""2026-04-01T18:51:09.460847+00:00"", ""indexed_at"": ""2026-04-01T18:49:40.150Z"", ""labels"": [], ""like_count"": 0, ""quote_count"": 0, ""record"": {""$type"": ""app.bsky.feed.post"", ""createdAt"": ""2026-04-01T18:49:39.576Z"", ""langs"": [""en""], ""reply"": {""parent"": {""cid"": ""bafyreihoj2z3kowtzfprhit56awsgyrbwbltgasbynwgw5mgrmqpu7rc2e"", ""uri"": ""at://did:plc:bcen47iol6hccqoufvtk7wt6/app.bsky.feed.post/3mihe2on2gk2p""}, ""root"": {""cid"": ""bafyreihoj2z3kowtzfprhit56awsgyrbwbltgasbynwgw5mgrmqpu7rc2e"", ""uri"": ""at://did:plc:bcen47iol6hccqoufvtk7wt6/app.bsky.feed.post/3mihe2on2gk2p""}}, ""text"": ""oh. 🤮""}, ""reply_count"": 0, ""repost_count"": 0, ""uri"": ""at://did:plc:f3owinxhzhbc4qn4j6gjar2p/app.bsky.feed.post/3mihe7x6jas2i""}",oh. 🤮,oh 🤮,oh,2,4,False,False,False,True,True
at://did:plc:f4z2nftgrn75h7h3wucdyzaf/app.bsky.feed.post/3mihe7xecie2i,2026-04-01T18:49:39.451Z,phase6_diagnostic_20260401,hydrated_record_text,cap_20260401T184939Z_85c99020,2026-04-01T18:49:40.663903+00:00,did:plc:f4z2nftgrn75h7h3wucdyzaf,2026-04-01T18:49:39.451Z,cap_20260401T184939Z_85c99020,hyd_20260401T185109Z_97b40e6f,did:plc:f4z2nftgrn75h7h3wucdyzaf,nepalidigits.bsky.social,2026-04-01T18:49:39.854Z,2026-04-01T18:51:09.213868+00:00,"{""capture_run_id"": ""cap_20260401T184939Z_85c99020"", ""captured_at"": ""2026-04-01T18:49:40.663903+00:00"", ""cid"": ""bafyreickptqqddu4bbviaysd4hivasbcpcgp6rznxzgqzsclimj5dtl33a"", ""collection"": ""app.bsky.feed.post"", ""event_time"": ""2026-04-01T18:49:39.749Z"", ""has_embed"": false, ""has_reply"": false, ""operation"": ""create"", ""record"": {""$type"": ""app.bsky.feed.post"", ""createdAt"": ""2026-04-01T18:49:39.451Z"", ""langs"": [""ne""], ""text"": ""Digit: 916,824\nIn words: Nine Hundred Sixteen Thousand Eight Hundred Twenty Four\nअङ्कः ९,१६,८२४\nअक्षरः नौ लाख सोह्र हजार आठ सय चौबीस""}, ""record_created_at"": ""2026-04-01T18:49:39.451Z"", ""repo_did"": ""did:plc:f4z2nftgrn75h7h3wucdyzaf"", ""rkey"": ""3mihe7xecie2i"", ""seq"": 28756093044, ""uri"": ""at://did:plc:f4z2nftgrn75h7h3wucdyzaf/app.bsky.feed.post/3mihe7xecie2i""}","{""author_did"": ""did:plc:f4z2nftgrn75h7h3wucdyzaf"", ""author_display_name"": ""Digits to Words"", ""author_handle"": ""nepalidigits.bsky.social"", ""capture_run_id"": ""cap_20260401T184939Z_85c99020"", ""cid"": ""bafyreickptqqddu4bbviaysd4hivasbcpcgp6rznxzgqzsclimj5dtl33a"", ""hydrate_run_id"": ""hyd_20260401T185109Z_97b40e6f"", ""hydrated_at"": ""2026-04-01T18:51:09.213868+00:00"", ""indexed_at"": ""2026-04-01T18:49:39.854Z"", ""labels"": [], ""like_count"": 0, ""quote_count"": 0, ""record"": {""$type"": ""app.bsky.feed.post"", ""createdAt"": ""2026-04-01T18:49:39.451Z"", ""langs"": [""ne""], ""text"": ""Digit: 916,824\nIn words: Nine Hundred Sixteen Thousand Eight Hundred Twenty Four\nअङ्कः ९,१६,८२४\nअक्षरः नौ लाख सोह्र हजार आठ सय चौबीस""}, ""reply_count"": 0, ""repost_count"": 0, ""uri"": ""at://did:plc:f4z2nftgrn75h7h3wucdyzaf/app.bsky.feed.post/3mihe7xecie2i""}","Digit: 916,824
In words: Nine Hundred Sixteen Thousand Eight Hundred Twenty Four
अङ्कः ९,१६,८२४
अक्षरः नौ लाख सोह्र हजार आठ सय चौबीस",digit 916 824 in words nine hundred sixteen thousand eight hundred twenty four अङ्कः ९ १६ ८२४ अक्षरः नौ लाख सोह्र हजार आठ सय चौबीस,digit 916 824 in words nine hundred sixteen thousand eight hundred twenty four,25,130,False,False,False,True,True
at://did:plc:i4ulcycxlr3yugkorjbrcjtd/app.bsky.feed.post/3mihe6nw3ds2s,2026-04-01T18:48:56.308Z,phase6_diagnostic_20260401,hydrated_record_text,cap_20260401T184939Z_85c99020,2026-04-01T18:49:40.676609+00:00,did:plc:i4ulcycxlr3yugkorjbrcjtd,2026-04-01T18:48:56.308Z,cap_20260401T184939Z_85c99020,hyd_20260401T185109Z_97b40e6f,did:plc:i4ulcycxlr3yugkorjbrcjtd,craigthomler.bsky.social,2026-04-01T18:49:40.256Z,2026-04-01T18:51:09.583533+00:00,"{""capture_run_id"": ""cap_20260401T184939Z_85c99020"", ""captured_at"": ""2026-04-01T18:49:40.676609+00:00"", ""cid"": ""bafyreidxpdeyf6x3neojcerrutlsc2yhuxbjkyh3rbhhckkf5mylckj26u"", ""collection"": ""app.bsky.feed.post"", ""event_time"": ""2026-04-01T18:49:39.684Z"", ""has_embed"": false, ""has_reply"": true, ""operation"": ""create"", ""record"": {""$type"": ""app.bsky.feed.post"", ""createdAt"": ""2026-04-01T18:48:56.308Z"", ""langs"": [""en""], ""reply"": {""parent"": {""cid"": ""bafyreicwqbdqj5wrv5iy6umtifbkqm7ywenvsjnndtomaaowjlfjzwbviu"", ""uri"": ""at://did:plc:rlr4e4zioxivpndzr4mqw4r2/app.bsky.feed.post/3mihcrigqh22x""}, ""root"": {""cid"": ""bafyreicwqbdqj5wrv5iy6umtifbkqm7ywenvsjnndtomaaowjlfjzwbviu"", ""uri"": ""at://did:plc:rlr4e4zioxivpndzr4mqw4r2/app.bsky.feed.post/3mihcrigqh22x""}}, ""text"": ""Why did that man eat that dog?\n\nIt’s clearly in his belly.""}, ""record_created_at"": ""2026-04-01T18:48:56.308Z"", ""repo_did"": ""did:plc:i4ulcycxlr3yugkorjbrcjtd"", ""rkey"": ""3mihe6nw3ds2s"", ""seq"": 28756093228, ""uri"": ""at://did:plc:i4ulcycxlr3yugkorjbrcjtd/app.bsky.feed.post/3mihe6nw3ds2s""}","{""author_did"": ""did:plc:i4ulcycxlr3yugkorjbrcjtd"", ""author_display_name"": ""Craig Thomler "", ""author_handle"": ""craigthomler.bsky.social"", ""capture_run_id"": ""cap_20260401T184939Z_85c99020"", ""cid"": ""bafyreidxpdeyf6x3neojcerrutlsc2yhuxbjkyh3rbhhckkf5mylckj26u"", ""hydrate_run_id"": ""hyd_20260401T185109Z_97b40e6f"", ""hydrated_at"": ""2026-04-01T18:51:09.583533+00:00"", ""indexed_at"": ""2026-04-01T18:49:40.256Z"", ""labels"": [], ""like_count"": 0, ""quote_count"": 0, ""record"": {""$type"": ""app.bsky.feed.post"", ""createdAt"": ""2026-04-01T18:48:56.308Z"", ""langs"": [""en""], ""reply"": {""parent"": {""cid"": ""bafyreicwqbdqj5wrv5iy6umtifbkqm7ywenvsjnndtomaaowjlfjzwbviu"", ""uri"": ""at://did:plc:rlr4e4zioxivpndzr4mqw4r2/app.bsky.feed.post/3mihcrigqh22x""}, ""root"": {""cid"": ""bafyreicwqbdqj5wrv5iy6umtifbkqm7ywenvsjnndtomaaowjlfjzwbviu"", ""uri"": ""at://did:plc:rlr4e4zioxivpndzr4mqw4r2/app.bsky.feed.post/3mihcrigqh22x""}}, ""text"": ""Why did that man eat that dog?\n\nIt’s clearly in his belly.""}, ""reply_count"": 0, ""repost_count"": 0, ""uri"": ""at://did:plc:i4ulcycxlr3yugkorjbrcjtd/app.bsky.feed.post/3mihe6nw3ds2s""}","Why did that man eat that dog?

It’s clearly in his belly.",why did that man eat that dog it's clearly in his belly,why did that man eat that dog it s clearly in his belly,12,55,False,False,False,True,False
at://did:plc:i5v2ghnp7vytpl3ak35cr24a/app.bsky.feed.post/3mihe7wj5ns2v,2026-04-01T18:49:38.876Z,phase6_diagnostic_20260401,hydrated_record_text,cap_20260401T184939Z_85c99020,2026-04-01T18:49:40.667211+00:00,did:plc:i5v2ghnp7vytpl3ak35cr24a,2026-04-01T18:49:38.876Z,cap_20260401T184939Z_85c99020,hyd_20260401T185109Z_97b40e6f,did:plc:i5v2ghnp7vytpl3ak35cr24a,angiestardust.bsky.social,2026-04-01T18:49:39.959Z,2026-04-01T18:51:09.213868+00:00,"{""capture_run_id"": ""cap_20260401T184939Z_85c99020"", ""captured_at"": ""2026-04-01T18:49:40.667211+00:00"", ""cid"": ""bafyreia4xbphkgblyl3aeivr57fri4bx3wavmn3gawbgkkdaziynjz3nly"", ""collection"": ""app.bsky.feed.post"", ""event_time"": ""2026-04-01T18:49:39.735Z"", ""has_embed"": false, ""has_reply"": true, ""operation"": ""create"", ""record"": {""$type"": ""app.bsky.feed.post"", ""createdAt"": ""2026-04-01T18:49:38.876Z"", ""langs"": [""es""], ""reply"": {""parent"": {""cid"": ""bafyreigbgidmp5dhauk7tpaeh4hfocv7ulduhwedthjtczx5lcvrm2kymy"", ""uri"": ""at://did:plc:bj3zayaq7yrpfpvcgyfjayyg/app.bsky.feed.post/3mihcwwtjfs2e""}, ""root"": {""cid"": ""bafyreifdg2azrxibernspajmc5dugx2kq44mejmklsumlfvewkxecmelha"", ""uri"": ""at://did:plc:i5v2ghnp7vytpl3ak35cr24a/app.bsky.feed.post/3mih33cugns23""}}, ""text"": ""Hay que apoyar a los artistas locales""}, ""record_created_at"": ""2026-04-01T18:49:38.876Z"", ""repo_did"": ""did:plc:i5v2ghnp7vytpl3ak35cr24a"", ""rkey"": ""3mihe7wj5ns2v"", ""seq"": 28756093102, ""uri"": ""at://did:plc:i5v2ghnp7vytpl3ak35cr24a/app.bsky.feed.post/3mihe7wj5ns2v""}","{""author_did"": ""did:plc:i5v2ghnp7vytpl3ak35cr24a"", ""author_display_name"": ""Angie 🌙✨"", ""author_handle"": ""angiestardust.bsky.social"", ""capture_run_id"": ""cap_20260401T184939Z_85c99020"", ""cid"": ""bafyreia4xbphkgblyl3aeivr57fri4bx3wavmn3gawbgkkdaziynjz3nly"", ""hydrate_run_id"": ""hyd_20260401T185109Z_97b40e6f"", ""hydrated_at"": ""2026-04-01T18:51:09.213868+00:00"", ""indexed_at"": ""2026-04-01T18:49:39.959Z"", ""labels"": [], ""like_count"": 0, ""quote_count"": 0, ""record"": {""$type"": ""app.bsky.feed.post"", ""createdAt"": ""2026-04-01T18:49:38.876Z"", ""langs"": [""es""], ""reply"": {""parent"": {""cid"": ""bafyreigbgidmp5dhauk7tpaeh4hfocv7ulduhwedthjtczx5lcvrm2kymy"", ""uri"": ""at://did:plc:bj3zayaq7yrpfpvcgyfjayyg/app.bsky.feed.post/3mihcwwtjfs2e""}, ""root"": {""cid"": ""bafyreifdg2azrxibernspajmc5dugx2kq44mejmklsumlfvewkxecmelha"", ""uri"": ""at://did:plc:i5v2ghnp7vytpl3ak35cr24a/app.bsky.feed.post/3mih33cugns23""}}, ""text"": ""Hay que apoyar a los artistas locales""}, ""reply_count"": 0, ""repost_count"": 0, ""uri"": ""at://did:plc:i5v2ghnp7vytpl3ak35cr24a/app.bsky.feed.post/3mihe7wj5ns2v""}",Hay que apoyar a los artistas locales,hay que apoyar a los artistas locales,hay que apoyar a los artistas locales,7,37,False,False,False,False,False
at://did:plc:iznfvs3rq4mfhhmxmgp35fig/app.bsky.feed.post/3mihe7u3fes2y,2026-04-01T18:49:36.328Z,phase6_diagnostic_20260401,none,cap_20260401T184939Z_85c99020,2026-04-01T18:49:40.676957+00:00,did:plc:iznfvs3rq4mfhhmxmgp35fig,2026-04-01T18:49:36.328Z,cap_20260401T184939Z_85c99020,hyd_20260401T185109Z_97b40e6f,did:plc:iznfvs3rq4mfhhmxmgp35fig,griselbrand.bsky.social,2026-04-01T18:49:40.257Z,2026-04-01T18:51:09.583533+00:00,"{""capture_run_id"": ""cap_20260401T184939Z_85c99020"", ""captured_at"": ""2026-04-01T18:49:40.676957+00:00"", ""cid"": ""bafyreif2t7ylwlx3b5ey2om5navtrvuvcjww6c2ej6yd44w5pg3a2jl6ma"", ""collection"": ""app.bsky.feed.post"", ""event_time"": ""2026-04-01T18:49:39.698Z"", ""has_embed"": true, ""has_reply"": true, ""operation"": ""create"", ""record"": {""$type"": ""app.bsky.feed.post"", ""createdAt"": ""2026-04-01T18:49:36.328Z"", ""embed"": {""$type"": ""app.bsky.embed.external"", ""external"": {""description"": ""ALT: a group of people are carrying a coffin through a crowd of people ."", ""thumb"": {""$type"": ""blob"", ""mimeType"": ""image/jpeg"", ""ref"": {""$bytes_b64"": ""AVUSIIJe/J892u/xdiaGbd9fk4aWnI0wbfFjL+24QcsVfW/y""}, ""size"": 105809}, ""title"": ""a group of people are carrying a coffin through a crowd of people ."", ""uri"": ""https://media.tenor.com/-lef55uNCOMAAAAC/coffin-dance.gif?hh=280&ww=498""}}, ""langs"": [""en""], ""reply"": {""parent"": {""cid"": ""bafyreib2jzfi52h5lyne7mvziphe44ynqvgckmxaizno6syptxg3hkml2y"", ""uri"": ""at://did:plc:fiyewcgadozczveyast4qzgd/app.bsky.feed.post/3mihbpjscoc2i""}, ""root"": {""cid"": ""bafyreib2jzfi52h5lyne7mvziphe44ynqvgckmxaizno6syptxg3hkml2y"", ""uri"": ""at://did:plc:fiyewcgadozczveyast4qzgd/app.bsky.feed.post/3mihbpjscoc2i""}}, ""text"": """"}, ""record_created_at"": ""2026-04-01T18:49:36.328Z"", ""repo_did"": ""did:plc:iznfvs3rq4mfhhmxmgp35fig"", ""rkey"": ""3mihe7u3fes2y"", ""seq"": 28756093230, ""uri"": ""at://did:plc:iznfvs3rq4mfhhmxmgp35fig/app.bsky.feed.post/3mihe7u3fes2y""}","{""author_did"": ""did:plc:iznfvs3rq4mfhhmxmgp35fig"", ""author_display_name"": ""Mark (グリセルブランド)"", ""author_handle"": ""griselbrand.bsky.social"", ""capture_run_id"": ""cap_20260401T184939Z_85c99020"", ""cid"": ""bafyreif2t7ylwlx3b5ey2om5navtrvuvcjww6c2ej6yd44w5pg3a2jl6ma"", ""hydrate_run_id"": ""hyd_20260401T185109Z_97b40e6f"", ""hydrated_at"": ""2026-04-01T18:51:09.583533+00:00"", ""indexed_at"": ""2026-04-01T18:49:40.257Z"", ""labels"": [], ""like_count"": 0, ""quote_count"": 0, ""record"": {""$type"": ""app.bsky.feed.post"", ""createdAt"": ""2026-04-01T18:49:36.328Z"", ""embed"": {""$type"": ""app.bsky.embed.external"", ""external"": {""description"": ""ALT: a group of people are carrying a coffin through a crowd of people ."", ""thumb"": {""$type"": ""blob"", ""mimeType"": ""image/jpeg"", ""ref"": {""$link"": ""bafkreiecl36j6po257yxmjugnxpv7e4gs2oi2mdn6frs73nyihfrk7lp6i""}, ""size"": 105809}, ""title"": ""a group of people are carrying a coffin through a crowd of people ."", ""uri"": ""https://media.tenor.com/-lef55uNCOMAAAAC/coffin-dance.gif?hh=280&ww=498""}}, ""langs"": [""en""], ""reply"": {""parent"": {""cid"": ""bafyreib2jzfi52h5lyne7mvziphe44ynqvgckmxaizno6syptxg3hkml2y"", ""uri"": ""at://did:plc:fiyewcgadozczveyast4qzgd/app.bsky.feed.post/3mihbpjscoc2i""}, ""root"": {""cid"": ""bafyreib2jzfi52h5lyne7mvziphe44ynqvgckmxaizno6syptxg3hkml2y"", ""uri"": ""at://did:plc:fiyewcgadozczveyast4qzgd/app.bsky.feed.post/3mihbpjscoc2i""}}, ""text"": """"}, ""reply_count"": 0, ""repost_count"": 0, ""uri"": ""at://did:plc:iznfvs3rq4mfhhmxmgp35fig/app.bsky.feed.post/3mihe7u3fes2y""}",,,,0,0,False,False,False,False,False
at://did:plc:l5ykcgaeg5noxtdbqiu77boo/app.bsky.feed.post/3mihe7wquq22i,2026-04-01T18:49:39.129Z,phase6_diagnostic_20260401,hydrated_record_text,cap_20260401T184939Z_85c99020,2026-04-01T18:49:40.662473+00:00,did:plc:l5ykcgaeg5noxtdbqiu77boo,2026-04-01T18:49:39.129Z,cap_20260401T184939Z_85c99020,hyd_20260401T185109Z_97b40e6f,did:plc:l5ykcgaeg5noxtdbqiu77boo,lauspalo.com,2026-04-01T18:49:39.853Z,2026-04-01T18:51:09.213868+00:00,"{""capture_run_id"": ""cap_20260401T184939Z_85c99020"", ""captured_at"": ""2026-04-01T18:49:40.662473+00:00"", ""cid"": ""bafyreiciycbxjyhzy3e64ufiwdp2difwskn2nzpwpw5hyalu4bymvw47mm"", ""collection"": ""app.bsky.feed.post"", ""event_time"": ""2026-04-01T18:49:39.658Z"", ""has_embed"": false, ""has_reply"": false, ""operation"": ""create"", ""record"": {""$type"": ""app.bsky.feed.post"", ""createdAt"": ""2026-04-01T18:49:39.129Z"", ""langs"": [""fi""], ""text"": ""Voiko moderni talous käytännössä kasvaa ilman että velan määrä myös kasvaa? Ainut keino ehkä jokin tuottavuusräjähdys, kuten äärimmäisen kannattava fuusiovoima tai vastaava?""}, ""record_created_at"": ""2026-04-01T18:49:39.129Z"", ""repo_did"": ""did:plc:l5ykcgaeg5noxtdbqiu77boo"", ""rkey"": ""3mihe7wquq22i"", ""seq"": 28756093036, ""uri"": ""at://did:plc:l5ykcgaeg5noxtdbqiu77boo/app.bsky.feed.post/3mihe7wquq22i""}","{""author_did"": ""did:plc:l5ykcgaeg5noxtdbqiu77boo"", ""author_display_name"": ""Jarkko Lauspalo"", ""author_handle"": ""lauspalo.com"", ""capture_run_id"": ""cap_20260401T184939Z_85c99020"", ""cid"": ""bafyreiciycbxjyhzy3e64ufiwdp2difwskn2nzpwpw5hyalu4bymvw47mm"", ""hydrate_run_id"": ""hyd_20260401T185109Z_97b40e6f"", ""hydrated_at"": ""2026-04-01T18:51:09.213868+00:00"", ""indexed_at"": ""2026-04-01T18:49:39.853Z"", ""labels"": [], ""like_count"": 1, ""quote_count"": 0, ""record"": {""$type"": ""app.bsky.feed.post"", ""createdAt"": ""2026-04-01T18:49:39.129Z"", ""langs"": [""fi""], ""text"": ""Voiko moderni talous käytännössä kasvaa ilman että velan määrä myös kasvaa? Ainut keino ehkä jokin tuottavuusräjähdys, kuten äärimmäisen kannattava fuusiovoima tai vastaava?""}, ""reply_count"": 0, ""repost_count"": 0, ""uri"": ""at://did:plc:l5ykcgaeg5noxtdbqiu77boo/app.bsky.feed.post/3mihe7wquq22i""}","Voiko moderni talous käytännössä kasvaa ilman että velan määrä myös kasvaa? Ainut keino ehkä jokin tuottavuusräjähdys, kuten äärimmäisen kannattava fuusiovoima tai vastaava?",voiko moderni talous käytännössä kasvaa ilman että velan määrä myös kasvaa ainut keino ehkä jokin tuottavuusräjähdys kuten äärimmäisen kannattava fuusiovoima tai vastaava,voiko moderni talous k yt nn ss kasvaa ilman ett velan m r my s kasvaa ainut keino ehk jokin tuottavuusr j hdys kuten rimm isen kannattava fuusiovoima tai vastaava,22,170,False,False,False,True,True
at://did:plc:mihigibe3ztrdp4r746oncuo/app.bsky.feed.post/3mihe7wz7dc27,2026-04-01T18:49:39.401Z,phase6_diagnostic_20260401,hydrated_record_text,cap_20260401T184939Z_85c99020,2026-04-01T18:49:40.671344+00:00,did:plc:mihigibe3ztrdp4r746oncuo,2026-04-01T18:49:39.401Z,cap_20260401T184939Z_85c99020,hyd_20260401T185109Z_97b40e6f,did:plc:mihigibe3ztrdp4r746oncuo,baddestmamajama.bsky.social,2026-04-01T18:49:40.064Z,2026-04-01T18:51:09.338506+00:00,"{""capture_run_id"": ""cap_20260401T184939Z_85c99020"", ""captured_at"": ""2026-04-01T18:49:40.671344+00:00"", ""cid"": ""bafyreigmjkzex5oqs6gm5wmykdyn3o6fwy6t427oebv3qvouyoa4gygllq"", ""collection"": ""app.bsky.feed.post"", ""event_time"": ""2026-04-01T18:49:39.847Z"", ""has_embed"": false, ""has_reply"": false, ""operation"": ""create"", ""record"": {""$type"": ""app.bsky.feed.post"", ""createdAt"": ""2026-04-01T18:49:39.401Z"", ""langs"": [""en""], ""text"": ""I just don’t think we need a Fools Day of Visibility.""}, ""record_created_at"": ""2026-04-01T18:49:39.401Z"", ""repo_did"": ""did:plc:mihigibe3ztrdp4r746oncuo"", ""rkey"": ""3mihe7wz7dc27"", ""seq"": 28756093156, ""uri"": ""at://did:plc:mihigibe3ztrdp4r746oncuo/app.bsky.feed.post/3mihe7wz7dc27""}","{""author_did"": ""did:plc:mihigibe3ztrdp4r746oncuo"", ""author_display_name"": ""Jessica Ellis"", ""author_handle"": ""baddestmamajama.bsky.social"", ""capture_run_id"": ""cap_20260401T184939Z_85c99020"", ""cid"": ""bafyreigmjkzex5oqs6gm5wmykdyn3o6fwy6t427oebv3qvouyoa4gygllq"", ""hydrate_run_id"": ""hyd_20260401T185109Z_97b40e6f"", ""hydrated_at"": ""2026-04-01T18:51:09.338506+00:00"", ""indexed_at"": ""2026-04-01T18:49:40.064Z"", ""labels"": [], ""like_count"": 8, ""quote_count"": 0, ""record"": {""$type"": ""app.bsky.feed.post"", ""createdAt"": ""2026-04-01T18:49:39.401Z"", ""langs"": [""en""], ""text"": ""I just don’t think we need a Fools Day of Visibility.""}, ""reply_count"": 1, ""repost_count"": 0, ""uri"": ""at://did:plc:mihigibe3ztrdp4r746oncuo/app.bsky.feed.post/3mihe7wz7dc27""}",I just don’t think we need a Fools Day of Visibility.,i just don't think we need a fools day of visibility,i just don t think we need a fools day of visibility,11,52,False,False,False,True,False
at://did:plc:mmlrklxcl3vcwr32z2dnhwum/app.bsky.feed.post/3mihe7xkkyk2r,2026-04-01T18:49:39.971Z,phase6_diagnostic_20260401,hydrated_record_text,cap_20260401T184939Z_85c99020,2026-04-01T18:49:40.703503+00:00,did:plc:mmlrklxcl3vcwr32z2dnhwum,2026-04-01T18:49:39.971Z,cap_20260401T184939Z_85c99020,hyd_20260401T185109Z_97b40e6f,did:plc:mmlrklxcl3vcwr32z2dnhwum,garyjamesactor.bsky.social,2026-04-01T18:49:40.259Z,2026-04-01T18:51:09.700495+00:00,"{""capture_run_id"": ""cap_20260401T184939Z_85c99020"", ""captured_at"": ""2026-04-01T18:49:40.703503+00:00"", ""cid"": ""bafyreicsmml4leeplvfleiyn4fa7fzgaga4b3jrihjbvtxwllqf4rrjuly"", ""collection"": ""app.bsky.feed.post"", ""event_time"": ""2026-04-01T18:49:40.169Z"", ""has_embed"": false, ""has_reply"": true, ""operation"": ""create"", ""record"": {""$type"": ""app.bsky.feed.post"", ""createdAt"": ""2026-04-01T18:49:39.971Z"", ""langs"": [""en""], ""reply"": {""parent"": {""cid"": ""bafyreidmy3nlcfp3uab2au552yfiwcpx7bboubxf5dfebxip2mhponhpya"", ""uri"": ""at://did:plc:ib7slsvdvhszo7gg2fm2kwnk/app.bsky.feed.post/3miguldby4c2y""}, ""root"": {""cid"": ""bafyreifokaytbjyuho5ppehp6ujs3byi4i6kngxdgkxn76rbdspp5t5aku"", ""uri"": ""at://did:plc:ib7slsvdvhszo7gg2fm2kwnk/app.bsky.feed.post/3migmuj6aac2z""}}, ""text"": ""You must have. . . . \n\n💅🏽""}, ""record_created_at"": ""2026-04-01T18:49:39.971Z"", ""repo_did"": ""did:plc:mmlrklxcl3vcwr32z2dnhwum"", ""rkey"": ""3mihe7xkkyk2r"", ""seq"": 28756093239, ""uri"": ""at://did:plc:mmlrklxcl3vcwr32z2dnhwum/app.bsky.feed.post/3mihe7xkkyk2r""}","{""author_did"": ""did:plc:mmlrklxcl3vcwr32z2dnhwum"", ""author_display_name"": ""Gary James"", ""author_handle"": ""garyjamesactor.bsky.social"", ""capture_run_id"": ""cap_20260401T184939Z_85c99020"", ""cid"": ""bafyreicsmml4leeplvfleiyn4fa7fzgaga4b3jrihjbvtxwllqf4rrjuly"", ""hydrate_run_id"": ""hyd_20260401T185109Z_97b40e6f"", ""hydrated_at"": ""2026-04-01T18:51:09.700495+00:00"", ""indexed_at"": ""2026-04-01T18:49:40.259Z"", ""labels"": [], ""like_count"": 0, ""quote_count"": 0, ""record"": {""$type"": ""app.bsky.feed.post"", ""createdAt"": ""2026-04-01T18:49:39.971Z"", ""langs"": [""en""], ""reply"": {""parent"": {""cid"": ""bafyreidmy3nlcfp3uab2au552yfiwcpx7bboubxf5dfebxip2mhponhpya"", ""uri"": ""at://did:plc:ib7slsvdvhszo7gg2fm2kwnk/app.bsky.feed.post/3miguldby4c2y""}, ""root"": {""cid"": ""bafyreifokaytbjyuho5ppehp6ujs3byi4i6kngxdgkxn76rbdspp5t5aku"", ""uri"": ""at://did:plc:ib7slsvdvhszo7gg2fm2kwnk/app.bsky.feed.post/3migmuj6aac2z""}}, ""text"": ""You must have. . . . \n\n💅🏽""}, ""reply_count"": 0, ""repost_count"": 0, ""uri"": ""at://did:plc:mmlrklxcl3vcwr32z2dnhwum/app.bsky.feed.post/3mihe7xkkyk2r""}","You must have. . . . 

💅🏽",you must have 💅🏽,you must have,4,16,False,False,False,True,True
at://did:plc:pgcyod3ck5mon4ytxcbq5xe7/app.bsky.feed.post/3mihe7wnajc2m,2026-04-01T18:49:39.007Z,phase6_diagnostic_20260401,hydrated_record_text,cap_20260401T184939Z_85c99020,2026-04-01T18:49:40.674871+00:00,did:plc:pgcyod3ck5mon4ytxcbq5xe7,2026-04-01T18:49:39.007Z,cap_20260401T184939Z_85c99020,hyd_20260401T185109Z_97b40e6f,did:plc:pgcyod3ck5mon4ytxcbq5xe7,davidphx84.bsky.social,2026-04-01T18:49:40.160Z,2026-04-01T18:51:09.460847+00:00,"{""capture_run_id"": ""cap_20260401T184939Z_85c99020"", ""captured_at"": ""2026-04-01T18:49:40.674871+00:00"", ""cid"": ""bafyreibpf55u7ryvvya4veosq2giwxz6luvpyg5k7srnj7d6vmhrifeqam"", ""collection"": ""app.bsky.feed.post"", ""event_time"": ""2026-04-01T18:49:39.975Z"", ""has_embed"": false, ""has_reply"": true, ""operation"": ""create"", ""record"": {""$type"": ""app.bsky.feed.post"", ""createdAt"": ""2026-04-01T18:49:39.007Z"", ""langs"": [""en""], ""reply"": {""parent"": {""cid"": ""bafyreibl423nxxt3kgoaaqshdxo6gdhhii4mj45bmc7pep6ccdon4x42uq"", ""uri"": ""at://did:plc:qhqm7zkvg5w4nled4qh5y6zr/app.bsky.feed.post/3mihe6dxjyc2r""}, ""root"": {""cid"": ""bafyreihoquxjz43seuvtv5j2f2vwac5rmpd2kdaht3rbt2qe6avkreibiy"", ""uri"": ""at://did:plc:pgcyod3ck5mon4ytxcbq5xe7/app.bsky.feed.post/3mihe3xtexc2x""}}, ""text"": ""🫂""}, ""record_created_at"": ""2026-04-01T18:49:39.007Z"", ""repo_did"": ""did:plc:pgcyod3ck5mon4ytxcbq5xe7"", ""rkey"": ""3mihe7wnajc2m"", ""seq"": 28756093202, ""uri"": ""at://did:plc:pgcyod3ck5mon4ytxcbq5xe7/app.bsky.feed.post/3mihe7wnajc2m""}","{""author_did"": ""did:plc:pgcyod3ck5mon4ytxcbq5xe7"", ""author_display_name"": ""David"", ""author_handle"": ""davidphx84.bsky.social"", ""capture_run_id"": ""cap_20260401T184939Z_85c99020"", ""cid"": ""bafyreibpf55u7ryvvya4veosq2giwxz6luvpyg5k7srnj7d6vmhrifeqam"", ""hydrate_run_id"": ""hyd_20260401T185109Z_97b40e6f"", ""hydrated_at"": ""2026-04-01T18:51:09.460847+00:00"", ""indexed_at"": ""2026-04-01T18:49:40.160Z"", ""labels"": [], ""like_count"": 0, ""quote_count"": 0, ""record"": {""$type"": ""app.bsky.feed.post"", ""createdAt"": ""2026-04-01T18:49:39.007Z"", ""langs"": [""en""], ""reply"": {""parent"": {""cid"": ""bafyreibl423nxxt3kgoaaqshdxo6gdhhii4mj45bmc7pep6ccdon4x42uq"", ""uri"": ""at://did:plc:qhqm7zkvg5w4nled4qh5y6zr/app.bsky.feed.post/3mihe6dxjyc2r""}, ""root"": {""cid"": ""bafyreihoquxjz43seuvtv5j2f2vwac5rmpd2kdaht3rbt2qe6avkreibiy"", ""uri"": ""at://did:plc:pgcyod3ck5mon4ytxcbq5xe7/app.bsky.feed.post/3mihe3xtexc2x""}}, ""text"": ""🫂""}, ""reply_count"": 0, ""repost_count"": 0, ""uri"": ""at://did:plc:pgcyod3ck5mon4ytxcbq5xe7/app.bsky.feed.post/3mihe7wnajc2m""}",🫂,🫂,,1,1,False,False,False,True,True
at://did:plc:sy42rj4nkl372n6mqlmvm2j2/app.bsky.feed.post/3mihe7wljtc2y,2026-04-01T18:49:38.954Z,phase6_diagnostic_20260401,hydrated_record_text,cap_20260401T184939Z_85c99020,2026-04-01T18:49:40.665176+00:00,did:plc:sy42rj4nkl372n6mqlmvm2j2,2026-04-01T18:49:38.954Z,cap_20260401T184939Z_85c99020,hyd_20260401T185109Z_97b40e6f,did:plc:sy42rj4nkl372n6mqlmvm2j2,intruder1500stevie.bsky.social,2026-04-01T18:49:39.953Z,2026-04-01T18:51:09.213868+00:00,"{""capture_run_id"": ""cap_20260401T184939Z_85c99020"", ""captured_at"": ""2026-04-01T18:49:40.665176+00:00"", ""cid"": ""bafyreifsbg3ikl3culoxdsbbkeifhp4ggq4fbgio5sdwlydddpyno34sgy"", ""collection"": ""app.bsky.feed.post"", ""event_time"": ""2026-04-01T18:49:39.422Z"", ""has_embed"": false, ""has_reply"": true, ""operation"": ""create"", ""record"": {""$type"": ""app.bsky.feed.post"", ""createdAt"": ""2026-04-01T18:49:38.954Z"", ""langs"": [""en""], ""reply"": {""parent"": {""cid"": ""bafyreihzegarif3pn5gqcpfdi7qnc2vowrpvd2isgnseuc7jethhackdji"", ""uri"": ""at://did:plc:bhaqtxe7fvf7to2dij7jntad/app.bsky.feed.post/3mihe3t2ggc2j""}, ""root"": {""cid"": ""bafyreihzegarif3pn5gqcpfdi7qnc2vowrpvd2isgnseuc7jethhackdji"", ""uri"": ""at://did:plc:bhaqtxe7fvf7to2dij7jntad/app.bsky.feed.post/3mihe3t2ggc2j""}}, ""text"": ""Looks like they already ate everything in the cupboard, the fridge and freezer !""}, ""record_created_at"": ""2026-04-01T18:49:38.954Z"", ""repo_did"": ""did:plc:sy42rj4nkl372n6mqlmvm2j2"", ""rkey"": ""3mihe7wljtc2y"", ""seq"": 28756093066, ""uri"": ""at://did:plc:sy42rj4nkl372n6mqlmvm2j2/app.bsky.feed.post/3mihe7wljtc2y""}","{""author_did"": ""did:plc:sy42rj4nkl372n6mqlmvm2j2"", ""author_display_name"": ""Stevie P"", ""author_handle"": ""intruder1500stevie.bsky.social"", ""capture_run_id"": ""cap_20260401T184939Z_85c99020"", ""cid"": ""bafyreifsbg3ikl3culoxdsbbkeifhp4ggq4fbgio5sdwlydddpyno34sgy"", ""hydrate_run_id"": ""hyd_20260401T185109Z_97b40e6f"", ""hydrated_at"": ""2026-04-01T18:51:09.213868+00:00"", ""indexed_at"": ""2026-04-01T18:49:39.953Z"", ""labels"": [], ""like_count"": 0, ""quote_count"": 0, ""record"": {""$type"": ""app.bsky.feed.post"", ""createdAt"": ""2026-04-01T18:49:38.954Z"", ""langs"": [""en""], ""reply"": {""parent"": {""cid"": ""bafyreihzegarif3pn5gqcpfdi7qnc2vowrpvd2isgnseuc7jethhackdji"", ""uri"": ""at://did:plc:bhaqtxe7fvf7to2dij7jntad/app.bsky.feed.post/3mihe3t2ggc2j""}, ""root"": {""cid"": ""bafyreihzegarif3pn5gqcpfdi7qnc2vowrpvd2isgnseuc7jethhackdji"", ""uri"": ""at://did:plc:bhaqtxe7fvf7to2dij7jntad/app.bsky.feed.post/3mihe3t2ggc2j""}}, ""text"": ""Looks like they already ate everything in the cupboard, the fridge and freezer !""}, ""reply_count"": 0, ""repost_count"": 0, ""uri"": ""at://did:plc:sy42rj4nkl372n6mqlmvm2j2/app.bsky.feed.post/3mihe7wljtc2y""}","Looks like they already ate everything in the cupboard, the fridge and freezer !",looks like they already ate everything in the cupboard the fridge and freezer,looks like they already ate everything in the cupboard the fridge and freezer,13,77,False,False,False,True,False
at://did:plc:vubjykphjm7zwvqtlys5j5gv/app.bsky.feed.post/3mihe7wnywk2d,2026-04-01T18:49:39.035Z,phase6_diagnostic_20260401,hydrated_record_text,cap_20260401T184939Z_85c99020,2026-04-01T18:49:40.743599+00:00,did:plc:vubjykphjm7zwvqtlys5j5gv,2026-04-01T18:49:39.035Z,cap_20260401T184939Z_85c99020,hyd_20260401T185109Z_97b40e6f,did:plc:vubjykphjm7zwvqtlys5j5gv,scooby.eurosky.social,2026-04-01T18:49:40.352Z,2026-04-01T18:51:09.700495+00:00,"{""capture_run_id"": ""cap_20260401T184939Z_85c99020"", ""captured_at"": ""2026-04-01T18:49:40.743599+00:00"", ""cid"": ""bafyreifg6epngizql4lgev3bd4ifnhn2qe3q6idos26eglg4hzywd7j33a"", ""collection"": ""app.bsky.feed.post"", ""event_time"": ""2026-04-01T18:49:39.885Z"", ""has_embed"": false, ""has_reply"": true, ""operation"": ""create"", ""record"": {""$type"": ""app.bsky.feed.post"", ""createdAt"": ""2026-04-01T18:49:39.035Z"", ""langs"": [""de""], ""reply"": {""parent"": {""cid"": ""bafyreifv2m4fjrgrfj7iw5v6gavfiyi6whnfhu34ofstyoc66g7zxwfu5q"", ""uri"": ""at://did:plc:344z3fvw4ce4wwshz3b4mz45/app.bsky.feed.post/3mihe3xkfts2q""}, ""root"": {""cid"": ""bafyreihj4wcpgtuav4cr3ve25u5mwtz57nk6hlstmgtefrnpvgvdorigw4"", ""uri"": ""at://did:plc:vubjykphjm7zwvqtlys5j5gv/app.bsky.feed.post/3migzhpc6nk2l""}}, ""text"": ""Hehe, ja du hast Recht, entschuldige bitte 😚🫱💨💋""}, ""record_created_at"": ""2026-04-01T18:49:39.035Z"", ""repo_did"": ""did:plc:vubjykphjm7zwvqtlys5j5gv"", ""rkey"": ""3mihe7wnywk2d"", ""seq"": 28756093253, ""uri"": ""at://did:plc:vubjykphjm7zwvqtlys5j5gv/app.bsky.feed.post/3mihe7wnywk2d""}","{""author_did"": ""did:plc:vubjykphjm7zwvqtlys5j5gv"", ""author_display_name"": ""Schubibertus Dibigitalfried"", ""author_handle"": ""scooby.eurosky.social"", ""capture_run_id"": ""cap_20260401T184939Z_85c99020"", ""cid"": ""bafyreifg6epngizql4lgev3bd4ifnhn2qe3q6idos26eglg4hzywd7j33a"", ""hydrate_run_id"": ""hyd_20260401T185109Z_97b40e6f"", ""hydrated_at"": ""2026-04-01T18:51:09.700495+00:00"", ""indexed_at"": ""2026-04-01T18:49:40.352Z"", ""labels"": [], ""like_count"": 0, ""quote_count"": 0, ""record"": {""$type"": ""app.bsky.feed.post"", ""createdAt"": ""2026-04-01T18:49:39.035Z"", ""langs"": [""de""], ""reply"": {""parent"": {""cid"": ""bafyreifv2m4fjrgrfj7iw5v6gavfiyi6whnfhu34ofstyoc66g7zxwfu5q"", ""uri"": ""at://did:plc:344z3fvw4ce4wwshz3b4mz45/app.bsky.feed.post/3mihe3xkfts2q""}, ""root"": {""cid"": ""bafyreihj4wcpgtuav4cr3ve25u5mwtz57nk6hlstmgtefrnpvgvdorigw4"", ""uri"": ""at://did:plc:vubjykphjm7zwvqtlys5j5gv/app.bsky.feed.post/3migzhpc6nk2l""}}, ""text"": ""Hehe, ja du hast Recht, entschuldige bitte 😚🫱💨💋""}, ""reply_count"": 0, ""repost_count"": 0, ""uri"": ""at://did:plc:vubjykphjm7zwvqtlys5j5gv/app.bsky.feed.post/3mihe7wnywk2d""}","Hehe, ja du hast Recht, entschuldige bitte 😚🫱💨💋",hehe ja du hast recht entschuldige bitte 😚🫱💨💋,hehe ja du hast recht entschuldige bitte,8,45,False,False,False,True,True
at://did:plc:wseth24is2z4p7qqqs5rfhe6/app.bsky.feed.post/3mihe7xhjdk2p,2026-04-01T18:49:39.870Z,phase6_diagnostic_20260401,hydrated_record_text,cap_20260401T184939Z_85c99020,2026-04-01T18:49:40.673367+00:00,did:plc:wseth24is2z4p7qqqs5rfhe6,2026-04-01T18:49:39.870Z,cap_20260401T184939Z_85c99020,hyd_20260401T185109Z_97b40e6f,did:plc:wseth24is2z4p7qqqs5rfhe6,lepetitereboot.bsky.social,2026-04-01T18:49:40.153Z,2026-04-01T18:51:09.460847+00:00,"{""capture_run_id"": ""cap_20260401T184939Z_85c99020"", ""captured_at"": ""2026-04-01T18:49:40.673367+00:00"", ""cid"": ""bafyreihwhu2iegkwsovwksyqt4klldb2wjud4mye73vi2u7y5pgy5aayki"", ""collection"": ""app.bsky.feed.post"", ""event_time"": ""2026-04-01T18:49:39.974Z"", ""has_embed"": false, ""has_reply"": true, ""operation"": ""create"", ""record"": {""$type"": ""app.bsky.feed.post"", ""createdAt"": ""2026-04-01T18:49:39.870Z"", ""langs"": [""en""], ""reply"": {""parent"": {""cid"": ""bafyreidk2fm3rdnjs35m6x3opahwy36iiii3dwukstgmcsyo7igouj3664"", ""uri"": ""at://did:plc:wseth24is2z4p7qqqs5rfhe6/app.bsky.feed.post/3mihe4wfnnc2p""}, ""root"": {""cid"": ""bafyreidk2fm3rdnjs35m6x3opahwy36iiii3dwukstgmcsyo7igouj3664"", ""uri"": ""at://did:plc:wseth24is2z4p7qqqs5rfhe6/app.bsky.feed.post/3mihe4wfnnc2p""}}, ""text"": ""i should watch this. I thought it was a gritty crime drama (which I will not watch because they are usually VERY fucking boring)""}, ""record_created_at"": ""2026-04-01T18:49:39.870Z"", ""repo_did"": ""did:plc:wseth24is2z4p7qqqs5rfhe6"", ""rkey"": ""3mihe7xhjdk2p"", ""seq"": 28756093176, ""uri"": ""at://did:plc:wseth24is2z4p7qqqs5rfhe6/app.bsky.feed.post/3mihe7xhjdk2p""}","{""author_did"": ""did:plc:wseth24is2z4p7qqqs5rfhe6"", ""author_display_name"": ""malcoholic"", ""author_handle"": ""lepetitereboot.bsky.social"", ""capture_run_id"": ""cap_20260401T184939Z_85c99020"", ""cid"": ""bafyreihwhu2iegkwsovwksyqt4klldb2wjud4mye73vi2u7y5pgy5aayki"", ""hydrate_run_id"": ""hyd_20260401T185109Z_97b40e6f"", ""hydrated_at"": ""2026-04-01T18:51:09.460847+00:00"", ""indexed_at"": ""2026-04-01T18:49:40.153Z"", ""labels"": [], ""like_count"": 0, ""quote_count"": 0, ""record"": {""$type"": ""app.bsky.feed.post"", ""createdAt"": ""2026-04-01T18:49:39.870Z"", ""langs"": [""en""], ""reply"": {""parent"": {""cid"": ""bafyreidk2fm3rdnjs35m6x3opahwy36iiii3dwukstgmcsyo7igouj3664"", ""uri"": ""at://did:plc:wseth24is2z4p7qqqs5rfhe6/app.bsky.feed.post/3mihe4wfnnc2p""}, ""root"": {""cid"": ""bafyreidk2fm3rdnjs35m6x3opahwy36iiii3dwukstgmcsyo7igouj3664"", ""uri"": ""at://did:plc:wseth24is2z4p7qqqs5rfhe6/app.bsky.feed.post/3mihe4wfnnc2p""}}, ""text"": ""i should watch this. I thought it was a gritty crime drama (which I will not watch because they are usually VERY fucking boring)""}, ""reply_count"": 1, ""repost_count"": 0, ""uri"": ""at://did:plc:wseth24is2z4p7qqqs5rfhe6/app.bsky.feed.post/3mihe7xhjdk2p""}",i should watch this. I thought it was a gritty crime drama (which I will not watch because they are usually VERY fucking boring),i should watch this i thought it was a gritty crime drama which i will not watch because they are usually very fucking boring,i should watch this i thought it was a gritty crime drama which i will not watch because they are usually very fucking boring,24,125,False,False,False,True,False
