num_hours,date,name,counts
11,2024-03-30,Easter,1262842.0
2,2024-03-30,Good Friday,488413.0
4,2024-03-30,#FreenBecky1stFMVN,476851.0
5,2024-03-30,SAROCHA REBECCA IN VIETNAM,458880.0
2,2024-03-30,#FHPopFestivalxNuNew,299195.0
1,2024-03-30,Christian,242972.0
10,2024-03-30,Transgender Day of Visibility,241327.0
3,2024-03-30,wonwoo,218367.0
6,2024-03-30,Christians,211825.0
3,2024-03-30,Chelsea,185466.0
3,2024-03-30,WONWOO,149325.0
2,2024-03-30,SCOUPS,143656.0
3,2024-03-30,Happy Easter,142929.0
1,2024-03-30,HOSHI,125890.0
3,2024-03-30,Bayern,97623.0
10,2024-03-30,#SmackDown,87362.0
2,2024-03-30,woozi,84678.0
10,2024-03-30,Houston,82649.0
11,2024-03-30,Duke,82174.0
4,2024-03-30,Catholic,77823.0
4,2024-03-30,Secret Service,77379.0
3,2024-03-30,Brentford,76505.0
3,2024-03-30,cheol,74622.0
5,2024-03-30,Newcastle,74559.0
3,2024-03-30,Leverkusen,73603.0
2,2024-03-30,Christianity,72431.0
4,2024-03-30,Burnley,66384.0
3,2024-03-30,CHEOL,66044.0
1,2024-03-30,Diaz,65874.0
3,2024-03-30,WOOZI,64818.0
1,2024-03-30,Lizzo,64193.0
3,2024-03-30,$MEW,58141.0
5,2024-03-30,Mets,54923.0
1,2024-03-30,Jets,52736.0
7,2024-03-30,Tennessee,48296.0
1,2024-03-30,#MUFC,45677.0
11,2024-03-30,NC State,44405.0
2,2024-03-30,Sabrina,44247.0
5,2024-03-30,West Ham,43956.0
2,2024-03-30,Chance Perdomo,43657.0
1,2024-03-30,Phillies,43569.0
1,2024-03-30,Braves,40895.0
2,2024-03-30,Bianca,39874.0
2,2024-03-30,Dortmund,38891.0
6,2024-03-30,#wellscharitycoin,38794.0
3,2024-03-30,Kudus,38084.0
11,2024-03-30,Brunson,36855.0
2,2024-03-30,Iowa,34957.0
3,2024-03-30,#BREMUN,34180.0
5,2024-03-30,Good Saturday,33834.0
6,2024-03-30,Purdue,32611.0
1,2024-03-30,Tigers,32390.0
3,2024-03-30,Luton,30754.0
3,2024-03-30,Big 4,30693.0
2,2024-03-30,Gonzaga,30565.0
3,2024-03-30,Cole Palmer,30528.0
7,2024-03-30,Spurs,30346.0
5,2024-03-30,Marquette,30275.0
7,2024-03-30,Wemby,30081.0
3,2024-03-30,Jade Cargill,29911.0
9,2024-03-30,Elite 8,29318.0
1,2024-03-30,Palmer,28971.0
1,2024-03-30,ELITE 8,27025.0
1,2024-03-30,UConn,25526.0
3,2024-03-30,#CHEBUR,25492.0
7,2024-03-30,Creighton,24503.0
6,2024-03-30,#DragRace,22836.0
2,2024-03-30,Gen V,22325.0
1,2024-03-30,Naomi,22111.0
8,2024-03-30,Kathy Griffin,22087.0
3,2024-03-30,Kaylee,22035.0
5,2024-03-30,Astros,21370.0
3,2024-03-30,TTSMall CENTRAL FILM,21059.0
3,2024-03-30,Knicks,20722.0
1,2024-03-30,#murderdrones,20248.0
3,2024-03-30,Poch,19951.0
1,2024-03-30,Indiana,19389.0
1,2024-03-30,#DragRaceUK,19347.0
2,2024-03-30,Sterling,19340.0
6,2024-03-30,UCLA,19314.0
4,2024-03-30,#GagCityPhilly,19277.0
1,2024-03-30,Maher,18335.0
1,2024-03-30,Raphinha,18082.0
2,2024-03-30,Napoli,17906.0
2,2024-03-30,Reddick,17460.0
5,2024-03-30,Waffle House,17415.0
3,2024-03-30,#NEWWHU,17300.0
6,2024-03-30,#Caturday,16392.0
7,2024-03-30,Holy Saturday,16008.0
2,2024-03-30,Mason Mount,15525.0
1,2024-03-30,MEET DAY,15356.0
4,2024-03-30,Rhys Hoskins,14833.0
1,2024-03-30,Mudryk,14756.0
6,2024-03-30,Kim Mulkey,14292.0
2,2024-03-30,#80million,14227.0
4,2024-03-30,Apple TV,14073.0
5,2024-03-30,Angel Reese,13564.0
2,2024-03-30,Hoskins,13507.0
3,2024-03-30,Wolfpack,12799.0
2,2024-03-30,Forever Young,12589.0
1,2024-03-30,Lange,12475.0
2,2024-03-30,NFT Farming,12021.0
3,2024-03-30,McNeil,11978.0
2,2024-03-30,Isak,11751.0
1,2024-03-30,Huff,11617.0
1,2024-03-30,#NUFC,11470.0
3,2024-03-30,#VoteForBiden,11031.0
1,2024-03-30,#SaturdayVibes,10723.0
9,2024-03-30,Shead,10703.0
4,2024-03-30,Flau’jae,10680.0
1,2024-03-30,Ambrose,10661.0
3,2024-03-30,Betts,10444.0
2,2024-03-30,Caturday,10174.0
2,2024-03-30,Nola,9482.0
2,2024-03-30,Kalvin Phillips,9463.0
2,2024-03-30,$BENJI,9354.0
2,2024-03-30,Caitlin Clark,8701.0
4,2024-03-30,#TheLastDriveIn,8457.0
3,2024-03-30,Edey,8333.0
1,2024-03-30,Paqueta,8323.0
2,2024-03-30,#SaturdayMorning,8282.0
1,2024-03-30,Bowen,8224.0
2,2024-03-30,Harvey Barnes,7871.0
1,2024-03-30,Moyes,7200.0
5,2024-03-30,Bobby Miller,7028.0
5,2024-03-30,Roach,6946.0
1,2024-03-30,#UFCAtlanticCity,6397.0
2,2024-03-30,#COYS,5714.0
3,2024-03-30,Rodon,5521.0
1,2024-03-30,Shaka,5364.0
2,2024-03-30,Jared Jones,4983.0
1,2024-03-30,Mookie,4907.0
3,2024-03-30,$BOSI,4875.0
3,2024-03-30,#ValdezWilson,4498.0
1,2024-03-30,Howie,4456.0
4,2024-03-30,#MFFL,4214.0
2,2024-03-30,Larkin,4142.0
1,2024-03-30,Stanton,4141.0
2,2024-03-30,Maeda,3873.0
2,2024-03-30,$PLANET,3755.0
3,2024-03-30,DJ Burns,3226.0
4,2024-03-30,Exum,3217.0
1,2024-03-30,#MutantFam,3045.0
1,2024-03-30,Severino,3007.0
2,2024-03-30,Dragon Lee,2715.0
1,2024-03-30,Luis Robert,2458.0
1,2024-03-30,Ryan Young,1690.0
2,2024-03-30,Harrison Barnes,1377.0
1,2024-03-30,Joey Gase,1240.0
4,2024-04-04,Chelsea,495772.0
4,2024-04-04,Ethereum,346956.0
6,2024-04-04,NATO,308199.0
4,2024-04-04,Cole Palmer,189948.0
4,2024-04-04,#CHEMUN,188621.0
3,2024-04-04,Manchester United,178458.0
4,2024-04-04,Liverpool,151826.0
3,2024-04-04,Edge,135776.0
1,2024-04-04,Diggs,125770.0
1,2024-04-04,Foden,101490.0
4,2024-04-04,billie eilish,99204.0
4,2024-04-04,Cardi,78920.0
3,2024-04-04,#MUFC,74433.0
4,2024-04-04,Antony,68005.0
2,2024-04-04,Garnacho,65463.0
8,2024-04-04,#jjk256,58983.0
2,2024-04-04,Bol Bol,58908.0
5,2024-04-04,Ashley Biden,57992.0
3,2024-04-04,Ten Hag,55789.0
2,2024-04-04,App Store,51622.0
8,2024-04-04,Yuji,50071.0
11,2024-04-04,#AEWDynamite,49012.0
2,2024-04-04,Mac Allister,46493.0
4,2024-04-04,Maker,43767.0
2,2024-04-04,Mets,40761.0
3,2024-04-04,Maki,37016.0
4,2024-04-04,Bucks,36977.0
3,2024-04-04,Poch,32122.0
2,2024-04-04,Dalot,31380.0
6,2024-04-04,WWIII,31226.0
6,2024-04-04,Good Thursday,29365.0
17,2024-04-04,Karl Rove,29154.0
2,2024-04-04,Venus,29077.0
6,2024-04-04,Oakland,27091.0
1,2024-04-04,Raymonte,26238.0
8,2024-04-04,Silver Surfer,26138.0
3,2024-04-04,Caicedo,25622.0
2,2024-04-04,Incredible NFTs,24424.0
4,2024-04-04,Devils,24247.0
3,2024-04-04,#JJKSpoilers,21778.0
8,2024-04-04,Sacramento,21681.0
1,2024-04-04,Dominican,20716.0
4,2024-04-04,#TrumpTheDictator,19551.0
2,2024-04-04,Casemiro,18559.0
4,2024-04-04,Mendoza,17703.0
2,2024-04-04,Trent,17602.0
2,2024-04-04,#MHA419,17375.0
5,2024-04-04,No Labels,17166.0
3,2024-04-04,#NODOWNTIME2024,16330.0
10,2024-04-04,#thursdayvibes,15775.0
2,2024-04-04,Knicks,15685.0
10,2024-04-04,Dan Rather,15171.0
5,2024-04-04,Aleska,14921.0
2,2024-04-04,Onana,13729.0
1,2024-04-04,#LIVSHU,13687.0
2,2024-04-04,Jericho,13665.0
10,2024-04-04,Malachi Flynn,12554.0
5,2024-04-04,Randle,11995.0
1,2024-04-04,Holmes,11895.0
1,2024-04-04,The Mets,11464.0
4,2024-04-04,#TalesOfTheEmpire,11319.0
1,2024-04-04,$bomeow,11249.0
2,2024-04-04,$BOMEOW,11220.0
5,2024-04-04,#Invincible,10791.0
8,2024-04-04,Cavs,10589.0
1,2024-04-04,#MHASpoilers,9904.0
1,2024-04-04,Julia Garner,9813.0
2,2024-04-04,$SSNC,9594.0
1,2024-04-04,Marlins,9080.0
7,2024-04-04,PONY UP,8947.0
5,2024-04-04,Fantom,8910.0
5,2024-04-04,Adam Copeland,7840.0
2,2024-04-04,Macca,7732.0
5,2024-04-04,Rempe,7226.0
5,2024-04-04,Grizzlies,6448.0
1,2024-04-04,Roseanne,6245.0
5,2024-04-04,#Survivor46,6048.0
4,2024-04-04,#ThursdayMotivation,5951.0
6,2024-04-04,Hellblade 2,5905.0
1,2024-04-04,#NJDevils,5848.0
2,2024-04-04,Theta,5829.0
1,2024-04-04,Martin Luther King Jr.,5788.0
3,2024-04-04,Hobbs,5439.0
2,2024-04-04,Lara Croft,5248.0
3,2024-04-04,Yordan,5191.0
2,2024-04-04,#JBBSX,5169.0
5,2024-04-04,#thursdaymorning,4932.0
1,2024-04-04,She Diddy,4823.0
2,2024-04-04,Bobbi,4760.0
5,2024-04-04,30fps,4714.0
3,2024-04-04,Kehlani,4686.0
5,2024-04-04,John Fisher,4665.0
1,2024-04-04,60fps,4654.0
3,2024-04-04,Ospreay,4376.0
2,2024-04-04,Alpha Male,4271.0
5,2024-04-04,Soler,4009.0
5,2024-04-04,#ThursdayThoughts,3987.0
1,2024-04-04,dr. king,3899.0
1,2024-04-04,#jjkspoiler,3850.0
6,2024-04-04,#NickiTrivia,3806.0
1,2024-04-04,Shalla-Bal,3751.0
4,2024-04-04,Jay White,3699.0
2,2024-04-04,FDUSD,3253.0
3,2024-04-04,Mantle,3187.0
4,2024-04-04,#404day,3047.0
6,2024-04-04,#TexasHockey,2984.0
4,2024-04-04,PEMDAS,2923.0
2,2024-04-04,Barriss,2880.0
4,2024-04-04,Larue,2869.0
2,2024-04-04,#TheMaskedSinger,2802.0
2,2024-04-04,Sutter Health Park,2683.0
4,2024-04-04,NFL Network,2601.0
1,2024-04-04,#RepDetroit,2489.0
4,2024-04-04,Monero,2294.0
4,2024-04-04,Happy 404,2273.0
5,2024-04-04,Dick Stroker,2129.0
2,2024-04-04,Baty,2109.0
1,2024-04-04,Ozark,2086.0
1,2024-04-04,Galactus,1992.0
3,2024-04-04,Gilbert Arenas,1974.0
1,2024-04-04,Julius Randle,1965.0
1,2024-04-04,#MorningJoe,1883.0
2,2024-04-04,Glasnow,1760.0
5,2024-04-04,Juan Williams,1692.0
2,2024-04-04,Snow in April,1556.0
1,2024-04-04,Pete Alonso,1354.0
2,2024-04-04,$CDOG,1282.0
1,2024-04-04,#my600lblife,1269.0
1,2024-04-04,Lance Archer,1238.0
1,2024-04-04,Cole Ragans,1186.0
1,2024-04-04,#ChicagoPD,1142.0
1,2024-04-04,Agent 47,1122.0
1,2024-04-04,Billy Gunn,1120.0
1,2024-04-04,$MCU,1118.0
1,2024-04-04,THORChain,1084.0
1,2024-04-04,Tonkin,1048.0
1,2024-04-04,$WAL,1042.0
9,2024-04-11,OJ Simpson,411359.0
1,2024-04-11,Barca,309514.0
7,2024-04-11,FISA,256775.0
1,2024-04-11,Cancer,251750.0
8,2024-04-11,Messi,216688.0
11,2024-04-11,Punk,205815.0
2,2024-04-11,Liverpool,196129.0
2,2024-04-11,GoDIN,145888.0
4,2024-04-11,$MAGE,129597.0
3,2024-04-11,$MSTAR,116741.0
6,2024-04-11,Tony,116295.0
8,2024-04-11,#XMen97,115079.0
1,2024-04-11,Dembele,114940.0
4,2024-04-11,Atalanta,107107.0
1,2024-04-11,CM Punk,99558.0
4,2024-04-11,Fallout,96861.0
3,2024-04-11,Tiger,94072.0
6,2024-04-11,Monterrey,77933.0
8,2024-04-11,#AEWDynamite,77020.0
2,2024-04-11,#Reリベンジ,73479.0
3,2024-04-11,#SKZ_WHY,72566.0
10,2024-04-11,Perry,69887.0
1,2024-04-11,Goodbye Twitter,63141.0
2,2024-04-11,Luka,62093.0
3,2024-04-11,Klopp,56554.0
8,2024-04-11,Inter Miami,51623.0
3,2024-04-11,Anfield,50956.0
6,2024-04-11,Ohtani,47605.0
11,2024-04-11,#themasters,46041.0
6,2024-04-11,Bruce,40493.0
2,2024-04-11,Leverkusen,40111.0
5,2024-04-11,The Juice,39286.0
3,2024-04-11,Norm,37711.0
3,2024-04-11,Chris Brown,37476.0
6,2024-04-11,#GagCityBoston,36198.0
14,2024-04-11,#NationalPetDay,35080.0
3,2024-04-11,Jack Perry,32973.0
3,2024-04-11,Denver,32649.0
1,2024-04-11,Boxes,31112.0
2,2024-04-11,Shohei,30614.0
1,2024-04-11,Jackson Holliday,30366.0
7,2024-04-11,Nuggets,30037.0
4,2024-04-11,Royals,28992.0
7,2024-04-11,Ippei,27741.0
5,2024-04-11,Good Thursday,27536.0
3,2024-04-11,#FilmCraftxOneconnection,27180.0
2,2024-04-11,STRAY KIDS WHY OUT NOW,27105.0
1,2024-04-11,Suarez,27091.0
8,2024-04-11,Bronco,26472.0
2,2024-04-11,#Bridgerton,25535.0
10,2024-04-11,New Vegas,25330.0
4,2024-04-11,FILM X CRAFT,25204.0
5,2024-04-11,Mavs,24910.0
2,2024-04-11,Cannes,24605.0
8,2024-04-11,Jokic,23727.0
7,2024-04-11,Clippers,22763.0
3,2024-04-11,Wolves,22236.0
9,2024-04-11,Tony Khan,21338.0
4,2024-04-11,Ron Goldman,20665.0
5,2024-04-11,#AEWDymamite,19313.0
1,2024-04-11,Reacher,19152.0
10,2024-04-11,#FalloutOnPrime,19075.0
1,2024-04-11,Penelope,18592.0
6,2024-04-11,Khloe,18378.0
1,2024-04-11,Kyrie,18378.0
4,2024-04-11,$TAO,18296.0
6,2024-04-11,Nicole and Ron,17978.0
5,2024-04-11,$ESE,16552.0
1,2024-04-11,Bolton,16222.0
1,2024-04-11,#LIVATA,15054.0
7,2024-04-11,#MHA420,14601.0
4,2024-04-11,Norm Macdonald,14018.0
1,2024-04-11,Caitlyn Jenner,13243.0
1,2024-04-11,Augusta,13218.0
1,2024-04-11,#PassUkraineAidNOW,13207.0
2,2024-04-11,Scott Drew,11854.0
4,2024-04-11,Ospreay,11645.0
3,2024-04-11,Kodak,10987.0
1,2024-04-11,Mister Cee,10986.0
2,2024-04-11,Ron and Nicole,10662.0
3,2024-04-11,Bryson,10598.0
2,2024-04-11,Jrue,9046.0
4,2024-04-11,Wayans,8808.0
1,2024-04-11,Scary Movie,8457.0
2,2024-04-11,Scottie,8109.0
5,2024-04-11,#thursdayvibes,7952.0
6,2024-04-11,Gobert,7909.0
2,2024-04-11,Aaron Hernandez,7142.0
3,2024-04-11,Young Bucks,7024.0
5,2024-04-11,#Survivor46,6705.0
1,2024-04-11,Ari Lennox,6529.0
4,2024-04-11,Mase,6445.0
1,2024-04-11,Eloise,5771.0
3,2024-04-11,Made in America,5473.0
2,2024-04-11,Penta,5408.0
1,2024-04-11,John Bolton,4960.0
3,2024-04-11,Jungle Boy,4709.0
6,2024-04-11,Rodney King,4673.0
2,2024-04-11,$GFT,4614.0
1,2024-04-11,Jericho,4520.0
1,2024-04-11,$gft,4420.0
2,2024-04-11,Samoa Joe,4311.0
1,2024-04-11,#ChuckySeason3,4087.0
2,2024-04-11,Marlene,4059.0
4,2024-04-11,Naked Gun,3968.0
2,2024-04-11,Rizzo,3921.0
2,2024-04-11,#AbbottElementary,3809.0
3,2024-04-11,Jason Day,3795.0
2,2024-04-11,Quavo,3732.0
1,2024-04-11,Copeland,3638.0
6,2024-04-11,Christian Braun,3508.0
2,2024-04-11,Shibata,3390.0
4,2024-04-11,LAPD,3318.0
1,2024-04-11,#thursdaymorning,3120.0
3,2024-04-11,Bones Hyland,3097.0
3,2024-04-11,$SPECT,3088.0
1,2024-04-11,Mark Pope,2803.0
2,2024-04-11,Hendricks,2664.0
3,2024-04-11,Brotherhood of Steel,2602.0
2,2024-04-11,Symba,2586.0
2,2024-04-11,Hunter Brown,2553.0
1,2024-04-11,Caron,2549.0
2,2024-04-11,#TheMaskedSinger,2329.0
2,2024-04-11,Hertz,2304.0
1,2024-04-11,#MAFS,2272.0
2,2024-04-11,#ThursdayThoughts,2211.0
1,2024-04-11,Chris Hero,2154.0
1,2024-04-11,#ThursdayMotivation,2003.0
2,2024-04-11,Hunter Greene,2001.0
1,2024-04-11,#my600lblife,1924.0
2,2024-04-11,Stroman,1861.0
1,2024-04-11,Breadwinner,1686.0
1,2024-04-11,#RokuProSeriesTV,1558.0
1,2024-04-11,$GNOME,1516.0
1,2024-04-11,Dick Cheney,1465.0
1,2024-04-11,Nick Chubb,1438.0
1,2024-04-11,Core PPI,1309.0
7,2024-05-17,Diddy,487885.0
6,2024-05-17,Congress,441409.0
24,2024-05-17,Alito,384685.0
11,2024-05-17,billie,283910.0
2,2024-05-17,Butker,245301.0
11,2024-05-17,Scottie,205829.0
7,2024-05-17,THE GREATEST,172211.0
20,2024-05-17,Crockett,170540.0
4,2024-05-17,Scottie Scheffler,133561.0
1,2024-05-17,Xavi,103500.0
6,2024-05-17,Greene,101942.0
7,2024-05-17,Barron,84356.0
6,2024-05-17,Houston,84057.0
5,2024-05-17,Tiger,83591.0
9,2024-05-17,Game 7,72138.0
2,2024-05-17,Cops,70883.0
8,2024-05-17,Rangers,65259.0
3,2024-05-17,Nuggets,62454.0
8,2024-05-17,Wolves,61170.0
2,2024-05-17,Daniel Perry,60270.0
7,2024-05-17,Valhalla,54807.0
5,2024-05-17,Ghetto,54028.0
3,2024-05-17,Good Friday,53819.0
7,2024-05-17,Louisville,46775.0
3,2024-05-17,NCAA,45031.0
5,2024-05-17,Fever,43251.0
3,2024-05-17,Young Sheldon,43057.0
2,2024-05-17,Greg Abbott,40357.0
3,2024-05-17,#StockholmTSTheErasTour,37814.0
5,2024-05-17,Canes,37558.0
1,2024-05-17,Marjorie Taylor Greene,37395.0
3,2024-05-17,College Football 25,36296.0
8,2024-05-17,CHIHIRO,30603.0
1,2024-05-17,Katy Tur,30098.0
7,2024-05-17,Jasmine Crockett,30032.0
4,2024-05-17,iMessage,29875.0
1,2024-05-17,Timberwolves,29584.0
6,2024-05-17,Kim Porter,28915.0
2,2024-05-17,The PGA,27211.0
1,2024-05-17,Megalopolis,27057.0
3,2024-05-17,Raskin,26923.0
3,2024-05-17,PGA Championship,26294.0
4,2024-05-17,#CFB25,25140.0
9,2024-05-17,#BridgertonS3,24585.0
1,2024-05-17,Shani Louk,23834.0
3,2024-05-17,Igor,23566.0
4,2024-05-17,#HitMeHardAndSoft,23523.0
7,2024-05-17,Kreider,23084.0
1,2024-05-17,The Nuggets,21918.0
6,2024-05-17,Paul Pelosi,20964.0
5,2024-05-17,Paul Skenes,20644.0
4,2024-05-17,#BellatorParis,20348.0
5,2024-05-17,Madden,19881.0
4,2024-05-17,Puff,19366.0
9,2024-05-17,#FridayMotivation,19299.0
3,2024-05-17,#hitmehardandsoft,18654.0
9,2024-05-17,#FursuitFriday,17833.0
7,2024-05-17,BIRDS OF A FEATHER,16403.0
1,2024-05-17,Caitlin Clark,16312.0
9,2024-05-17,#BleachBlondeBadBuiltButchBody,15976.0
2,2024-05-17,#911onABC,15153.0
6,2024-05-17,LMPD,14129.0
8,2024-05-17,#FridayFeelings,13906.0
5,2024-05-17,L'Oreal,13587.0
7,2024-05-17,Elly,13152.0
3,2024-05-17,I THINK HE KNOWS,12784.0
6,2024-05-17,THE DINER,12730.0
3,2024-05-17,Silk,12670.0
1,2024-05-17,ALL RISE,12627.0
4,2024-05-17,Caresha,12425.0
1,2024-05-17,AK-47,11857.0
3,2024-05-17,$BASED,11483.0
5,2024-05-17,L'AMOUR DE MA VIE,11471.0
3,2024-05-17,#ACMawards,10067.0
1,2024-05-17,Congratulations Barron,10052.0
2,2024-05-17,Full Swing,9900.0
1,2024-05-17,#HITMEHARDANDSOFT,9151.0
4,2024-05-17,Dabney Coleman,8811.0
7,2024-05-17,#CriticalRoleSpoilers,8503.0
3,2024-05-17,Xander,8495.0
3,2024-05-17,Brother Love,8151.0
2,2024-05-17,David DePape,7131.0
4,2024-05-17,#PGAChampionship,6342.0
1,2024-05-17,Tfue,6070.0
1,2024-05-17,Patchy,5485.0
2,2024-05-17,#NoQuitInNY,5332.0
1,2024-05-17,#TTPDFirstDraft,5228.0
2,2024-05-17,Aliyah,4807.0
5,2024-05-17,#YoungSheldon,4646.0
1,2024-05-17,Verizon,4484.0
1,2024-05-17,#CauseChaos,4323.0
2,2024-05-17,#FridayFeeling,4135.0
2,2024-05-17,Martinook,4017.0
3,2024-05-17,Stewie,3848.0
2,2024-05-17,Yachty,3581.0
2,2024-05-17,Breanna Stewart,3366.0
1,2024-05-17,Patchy Mix,3256.0
1,2024-05-17,Boosie,3229.0
2,2024-05-17,Detective Gillis,3198.0
3,2024-05-17,Andersen,3106.0
4,2024-05-17,#SummerHouse,3096.0
1,2024-05-17,Cloak & Dagger,2818.0
1,2024-05-17,Finally Friday,2759.0
3,2024-05-17,#LetsGoBucs,2699.0
1,2024-05-17,Aaron Judge,2505.0
1,2024-05-17,#FridayVibes,2401.0
1,2024-05-17,$PLATE,2329.0
1,2024-05-17,Team Builder,2247.0
2,2024-05-17,Jaden McDaniels,2245.0
2,2024-05-17,Diddler,1913.0
2,2024-05-17,JT Miller,1880.0
3,2024-05-17,#askBillie,1795.0
1,2024-05-17,T-Mobile,1775.0
1,2024-05-17,#fridaymorning,1698.0
2,2024-05-17,Jeff Darlington,1659.0
1,2024-05-17,Jung Hoo Lee,1146.0
3,2024-05-17,Kyle Hendricks,1136.0
2,2024-05-24,No. Twitter,1193726.0
19,2024-05-24,Bronx,985431.0
8,2024-05-24,#RightPlaceWrongPerson,670454.0
5,2024-05-24,#RM_LOST,505493.0
10,2024-05-24,namjoon,501094.0
3,2024-05-24,#23point5FinalEP,469679.0
2,2024-05-24,Doge,315347.0
7,2024-05-24,Xavi,290850.0
1,2024-05-24,LOVTITUDE FANMEETING,279698.0
2,2024-05-24,#NARSBLUSHxFreenBecky,279419.0
2,2024-05-24,FB MADE YOU BLUSH,259580.0
12,2024-05-24,Kabosu,207782.0
4,2024-05-24,The ICJ,128291.0
1,2024-05-24,ETH ETF,123537.0
1,2024-05-24,Travis,123025.0
2,2024-05-24,Flick,113576.0
7,2024-05-24,Gaga,109084.0
1,2024-05-24,QSMP,88250.0
12,2024-05-24,Memorial Day,87471.0
8,2024-05-24,Clancy,76935.0
4,2024-05-24,Laporta,75627.0
2,2024-05-24,Ten Hag,70692.0
7,2024-05-24,tyler,69850.0
13,2024-05-24,Kevin Hart,64685.0
1,2024-05-24,#BlackOps6,61391.0
3,2024-05-24,#LisbonTStheErasTour,58469.0
4,2024-05-24,Good Friday,55172.0
4,2024-05-24,#ThinkDeeply,50248.0
8,2024-05-24,Kai Cenat,50069.0
1,2024-05-24,Waking,45722.0
6,2024-05-24,Tatum,44821.0
7,2024-05-24,Haiti,41479.0
4,2024-05-24,Dealing,40380.0
4,2024-05-24,twenty one pilots,37282.0
2,2024-05-24,THE WAY I LOVED YOU,35555.0
2,2024-05-24,Tier 1,34772.0
3,2024-05-24,Accidentally,34628.0
5,2024-05-24,#911onABC,33116.0
6,2024-05-24,Hochul,32635.0
8,2024-05-24,Super Size Me,32425.0
9,2024-05-24,Morgan Spurlock,32101.0
6,2024-05-24,#RPWP,31758.0
3,2024-05-24,Angel Reese,31732.0
4,2024-05-24,Furiosa,30238.0
11,2024-05-24,BBL Drizzy,28028.0
1,2024-05-24,Turner,27332.0
2,2024-05-24,#Station19,25398.0
7,2024-05-24,Jaylen Brown,24886.0
5,2024-05-24,#NickiAnnouncement,24845.0
4,2024-05-24,Uvalde,24794.0
1,2024-05-24,Buck,23898.0
4,2024-05-24,Venmo,23743.0
8,2024-05-24,Sexyy Red,22227.0
1,2024-05-24,HOW SWEET OUT NOW,21824.0
3,2024-05-24,Sheff G,21421.0
1,2024-05-24,$APTR,21086.0
8,2024-05-24,#FursuitFriday,20390.0
7,2024-05-24,Tyga,19935.0
6,2024-05-24,Knives Out,19134.0
3,2024-05-24,#GenshinSpecialProgram,18927.0
2,2024-05-24,Media Matters,18887.0
1,2024-05-24,New Yorkers,18369.0
2,2024-05-24,Natlan,18128.0
1,2024-05-24,$CAT,15813.0
1,2024-05-24,Travis Scott,15013.0
2,2024-05-24,COME BACK BE HERE,14287.0
2,2024-05-24,Otter,13637.0
4,2024-05-24,#BidenFightsPriceGouging,13327.0
5,2024-05-24,Kelce,13255.0
1,2024-05-24,Jamaica,13054.0
6,2024-05-24,Kylie,12977.0
1,2024-05-24,143 Democrats,12953.0
3,2024-05-24,Lethal Company,12702.0
1,2024-05-24,U My Everything,12617.0
3,2024-05-24,Benoit Blanc,11920.0
1,2024-05-24,Jayson Tatum,11508.0
4,2024-05-24,Nicolle,10660.0
8,2024-05-24,McDavid,10060.0
1,2024-05-24,Wake Up Dead Man,10017.0
2,2024-05-24,FRESH OUT THE SLAMMER,9526.0
4,2024-05-24,RIP Doge,9174.0
1,2024-05-24,Garry,8803.0
9,2024-05-24,Vince Staples,8599.0
1,2024-05-24,#twentyonepilots,8582.0
3,2024-05-24,Siakam,8494.0
1,2024-05-24,Staten Island,8325.0
1,2024-05-24,Brito,8285.0
1,2024-05-24,#furiosa,7564.0
1,2024-05-24,Katy Tur,7435.0
3,2024-05-24,$BCCOIN,7375.0
2,2024-05-24,#skytown,7164.0
3,2024-05-24,$FDOGE,6831.0
5,2024-05-24,#CriticalRoleSpoilers,6827.0
6,2024-05-24,Rush Hour,6802.0
2,2024-05-24,HIGH INFIDELITY,6584.0
4,2024-05-24,#TexasHockey,6537.0
2,2024-05-24,#TTPDLiveFromParis,6436.0
2,2024-05-24,THE OTHER SIDE OF THE DOOR,6425.0
2,2024-05-24,Tier 2,6297.0
2,2024-05-24,Higgins,6166.0
1,2024-05-24,#okwx,5864.0
1,2024-05-24,$jirt,5580.0
5,2024-05-24,Spence,5540.0
2,2024-05-24,#FridayMotivation,5163.0
1,2024-05-24,DeWine,5087.0
4,2024-05-24,#PMSLive,5056.0
1,2024-05-24,Rockies,4726.0
2,2024-05-24,Glass Onion,4709.0
1,2024-05-24,marisol,4631.0
4,2024-05-24,Rick Carlisle,4521.0
1,2024-05-24,#DifferentHere,4467.0
1,2024-05-24,#AEWRampage,4381.0
1,2024-05-24,Rowan,4144.0
1,2024-05-24,#FridayFeeling,4139.0
2,2024-05-24,#FridayVibes,3970.0
1,2024-05-24,Tillman,3922.0
1,2024-05-24,Jrue,3809.0
1,2024-05-24,$JIRT,3732.0
3,2024-05-24,Brissett,3704.0
2,2024-05-24,Chicago Sky,3698.0
2,2024-05-24,Seguin,3637.0
1,2024-05-24,Wheel of Fortune,3432.0
3,2024-05-24,Myles Turner,3422.0
2,2024-05-24,#NIKKEGoldenCoinRush,3315.0
1,2024-05-24,RSBN,3179.0
1,2024-05-24,TWILY,3103.0
2,2024-05-24,#Celtics,3028.0
4,2024-05-24,Fundora,2962.0
3,2024-05-24,#bucciovertimechallenge,2907.0
1,2024-05-24,McGee,2788.0
1,2024-05-24,Ian Garry,2776.0
1,2024-05-24,#greysanatomy,2576.0
1,2024-05-24,Hauser,2462.0
1,2024-05-24,Duff,2331.0
3,2024-05-24,Rich Paul,2261.0
1,2024-05-24,#SummerHouse,2081.0
1,2024-05-24,Kornet,2028.0
1,2024-05-24,$BROOT,1781.0
2,2024-05-24,Kakko,1673.0
1,2024-05-24,Chaz Lanier,1650.0
1,2024-05-24,#JSFamilyVacation,1400.0
1,2024-05-24,Safaree,1359.0
1,2024-05-24,#NuralNetwork,1293.0
1,2024-05-24,#wheeloffortune,1170.0
1,2024-05-24,Billy Zane,1145.0
1,2024-05-24,#ANIMALWELL,1078.0
18,2024-03-26,Diddy,1072529.0
7,2024-03-26,Ship,552838.0
5,2024-03-26,#Chapter27WithLalisa,491432.0
5,2024-03-26,#AllRounderLisaDay,463616.0
6,2024-03-26,Maria,308000.0
2,2024-03-26,Endrick,237462.0
1,2024-03-26,Mayor,237418.0
8,2024-03-26,Francis Scott,226063.0
4,2024-03-26,The Baltimore,208173.0
12,2024-03-26,#WWERaw,181727.0
1,2024-03-26,More Info,164657.0
1,2024-03-26,Cargo,120355.0
7,2024-03-26,Pete,109218.0
3,2024-03-26,Baltimore Maryland,104674.0
10,2024-03-26,The Rock,97352.0
3,2024-03-26,Lamine,96123.0
1,2024-03-26,Julian Assange,91085.0
3,2024-03-26,Drew,89525.0
1,2024-03-26,Lamine Yamal,87136.0
5,2024-03-26,Epstein,84483.0
2,2024-03-26,Rachel,81703.0
1,2024-03-26,Feds,78502.0
1,2024-03-26,Grass,69792.0
2,2024-03-26,Homeland Security,63735.0
10,2024-03-26,#TheBachelor,60067.0
11,2024-03-26,Dali,59867.0
12,2024-03-26,Singapore,57925.0
6,2024-03-26,Joey,56350.0
9,2024-03-26,#baltimorebridge,55525.0
5,2024-03-26,RFK Jr.,55341.0
5,2024-03-26,Kucoin,52157.0
11,2024-03-26,Daisy,50217.0
1,2024-03-26,Air Drop,48319.0
9,2024-03-26,Iowa,48178.0
2,2024-03-26,Rosales,47786.0
2,2024-03-26,#REBIRTHDAY,47775.0
1,2024-03-26,Kennedy,47655.0
8,2024-03-26,Celtics,46108.0
3,2024-03-26,Tulsi,38538.0
7,2024-03-26,Bibles,37417.0
7,2024-03-26,Bad Boys,37254.0
4,2024-03-26,CM Punk,35925.0
2,2024-03-26,Seth,35017.0
1,2024-03-26,Shohei,34843.0
6,2024-03-26,Mayday,33368.0
1,2024-03-26,Reward Program,32517.0
6,2024-03-26,Nicole Shanahan,31128.0
6,2024-03-26,Hawks,29230.0
5,2024-03-26,Good Tuesday,29001.0
6,2024-03-26,Suns,21751.0
4,2024-03-26,Alito,21238.0
7,2024-03-26,Patapsco River,21218.0
8,2024-03-26,Caitlin Clark,18877.0
1,2024-03-26,Key Bridge,18784.0
6,2024-03-26,Idaho,17679.0
7,2024-03-26,West Virginia,17344.0
3,2024-03-26,Antigua,17242.0
8,2024-03-26,Port of Baltimore,17078.0
8,2024-03-26,#SouthParkXboxSweepstakes,16792.0
6,2024-03-26,Scaramucci,16614.0
5,2024-03-26,Baltimore Harbor,16453.0
7,2024-03-26,Kelsey,15931.0
2,2024-03-26,Ippei,15569.0
6,2024-03-26,#tuesdayvibe,15507.0
4,2024-03-26,The Diddler,15244.0
1,2024-03-26,Cassie,14878.0
5,2024-03-26,Clippers,14552.0
3,2024-03-26,Lukaku,14185.0
2,2024-03-26,Paige,13559.0
7,2024-03-26,Jenn,13199.0
4,2024-03-26,HAPPY BIRTHDAY CHICA,11971.0
1,2024-03-26,#TuesdayVibe,11543.0
2,2024-03-26,$DJT,10425.0
3,2024-03-26,Cape Verde,9553.0
4,2024-03-26,Jhene,9322.0
4,2024-03-26,Habitat,9104.0
2,2024-03-26,Jontay Porter,8684.0
5,2024-03-26,Praying for Baltimore,8640.0
2,2024-03-26,Prayers for Baltimore,8608.0
1,2024-03-26,#Maddow,8226.0
5,2024-03-26,Dollar Tree,7886.0
7,2024-03-26,East Palestine,7838.0
1,2024-03-26,Singaporean,7792.0
1,2024-03-26,Ride or Die,7300.0
6,2024-03-26,Krispy Kreme,7256.0
1,2024-03-26,Cesar Conde,7202.0
4,2024-03-26,Mayor Pete,7072.0
6,2024-03-26,Crowder,6981.0
1,2024-03-26,Donte,6438.0
1,2024-03-26,Puff Daddy,5990.0
4,2024-03-26,Tink,5822.0
1,2024-03-26,Sri Lanka,5817.0
5,2024-03-26,Anthony Mackie,5699.0
1,2024-03-26,Syracuse,5662.0
1,2024-03-26,$SCPT,5639.0
3,2024-03-26,Pete Buttigieg,5601.0
1,2024-03-26,RIDE OR DIE,5561.0
5,2024-03-26,I-695,5546.0
1,2024-03-26,God Bless the USA,5420.0
8,2024-03-26,#barbiehumana,4994.0
3,2024-03-26,$AEVO,4990.0
1,2024-03-26,Christmas Day,4298.0
3,2024-03-26,#SCOTUS,4293.0
2,2024-03-26,Joe Buden,4235.0
1,2024-03-26,Lara Logan,3881.0
2,2024-03-26,Cordarrelle Patterson,3863.0
2,2024-03-26,Juju Watkins,3343.0
2,2024-03-26,Lee Greenwood,3108.0
2,2024-03-26,#TuesdayFeeling,3107.0
1,2024-03-26,"Baltimore, MD",2772.0
1,2024-03-26,port of baltimore,2723.0
1,2024-03-26,mayor pete,2612.0
1,2024-03-26,#AirMaxDay,2487.0
1,2024-03-26,Erin Hawley,2084.0
2,2024-03-26,Bmore,2069.0
2,2024-03-26,Cherishing,1667.0
1,2024-03-26,#airmaxday,1659.0
2,2024-03-26,Ty Lue,1323.0
1,2024-03-26,Star Spangled Banner,1117.0
5,2024-04-25,Hybe,525046.0
10,2024-04-25,Supreme Court,426984.0
6,2024-04-25,NAMJOON,314025.0
4,2024-04-25,#RightPlaceWrongPerson,292480.0
7,2024-04-25,Arizona,268309.0
1,2024-04-25,Liverpool,228361.0
11,2024-04-25,SCOTUS,199687.0
8,2024-04-25,Heat,169901.0
8,2024-04-25,Emory,167765.0
6,2024-04-25,Stars,165172.0
1,2024-04-25,Everton,143986.0
1,2024-04-25,min heejin,141296.0
3,2024-04-25,#FATEPLUS_IN_ANAHEIM,140653.0
2,2024-04-25,Min Heejin,127871.0
4,2024-04-25,HEE JIN,125971.0
4,2024-04-25,Pause,122489.0
9,2024-04-25,Alito,117519.0
10,2024-04-25,Celtics,102200.0
4,2024-04-25,Brighton,100340.0
5,2024-04-25,Bang PD,95792.0
1,2024-04-25,Klopp,88285.0
2,2024-04-25,UT Austin,87624.0
13,2024-04-25,#NFLDraft,83757.0
4,2024-04-25,Amanda,80793.0
2,2024-04-25,Giuliani,78167.0
1,2024-04-25,TikTok,74770.0
2,2024-04-25,The Elite,73284.0
2,2024-04-25,Shannon,70962.0
1,2024-04-25,Presidents,68850.0
9,2024-04-25,#AEWDynamite,67394.0
8,2024-04-25,Harvey Weinstein,66758.0
4,2024-04-25,Justices,59047.0
3,2024-04-25,Foden,55408.0
2,2024-04-25,Hasan,45989.0
2,2024-04-25,Uvalde,45036.0
7,2024-04-25,#jjk258,42336.0
5,2024-04-25,Sauer,42251.0
1,2024-04-25,Detroit,35642.0
4,2024-04-25,Dreeben,34586.0
2,2024-04-25,Mark Meadows,33889.0
1,2024-04-25,Roberts,33631.0
8,2024-04-25,Tarkov,31538.0
2,2024-04-25,Maye,29518.0
8,2024-04-25,Tatum,29002.0
1,2024-04-25,good thursday,28596.0
6,2024-04-25,Kavanaugh,28577.0
5,2024-04-25,#GagCityChicago,28503.0
5,2024-04-25,Good Thursday,27213.0
2,2024-04-25,Kent State,26926.0
6,2024-04-25,Gege,23888.0
5,2024-04-25,Draft Day,23672.0
2,2024-04-25,Leafs,22429.0
1,2024-04-25,Kris Mayes,20232.0
10,2024-04-25,Tony Khan,19703.0
10,2024-04-25,Chet,19268.0
1,2024-04-25,Greg Abbott,19200.0
2,2024-04-25,Justice Jackson,19056.0
2,2024-04-25,Bengals,18225.0
8,2024-04-25,Amanda Seales,18074.0
4,2024-04-25,Gorsuch,17969.0
1,2024-04-25,$META,17663.0
8,2024-04-25,Caleb Williams,17218.0
7,2024-04-25,Issa,17058.0
2,2024-04-25,Sotomayor,17003.0
8,2024-04-25,Drake Maye,16789.0
4,2024-04-25,Bruins,16391.0
3,2024-04-25,WE LOVE TRUMP,15898.0
1,2024-04-25,Nixon,15606.0
7,2024-04-25,#thursdayvibes,15114.0
3,2024-04-25,Bowers,14644.0
2,2024-04-25,Naz Reid,14393.0
1,2024-04-25,Nabers,14280.0
1,2024-04-25,Kagan,14220.0
3,2024-04-25,#BHAMCI,13948.0
1,2024-04-25,Penix,13381.0
1,2024-04-25,Jenna Ellis,13354.0
4,2024-04-25,Bob Cole,12857.0
2,2024-04-25,Herro,12689.0
1,2024-04-25,De Zerbi,12126.0
4,2024-04-25,#Survivor,10829.0
3,2024-04-25,#MeToo,10255.0
1,2024-04-25,Go Bills,10120.0
1,2024-04-25,Spoelstra,9263.0
1,2024-04-25,49ers,9246.0
4,2024-04-25,$MSFT,9230.0
3,2024-04-25,JJ McCarthy,9132.0
1,2024-04-25,Clutch Player of the Year,9065.0
2,2024-04-25,$EMO,8704.0
5,2024-04-25,Marchand,8685.0
4,2024-04-25,Velma,8684.0
1,2024-04-25,Winning Time,8612.0
4,2024-04-25,#MHA421,8416.0
3,2024-04-25,#Survivor46,8392.0
6,2024-04-25,Jack Perry,8278.0
1,2024-04-25,Christina Bobb,7757.0
4,2024-04-25,Caleb Martin,7653.0
2,2024-04-25,Chapman,7645.0
6,2024-04-25,Charli,7610.0
3,2024-04-25,$GOOGL,7489.0
6,2024-04-25,Porzingis,6688.0
4,2024-04-25,Jrue,6420.0
4,2024-04-25,Jeezy,6160.0
3,2024-04-25,$BCCOIN,6146.0
3,2024-04-25,Jaylen Brown,6013.0
1,2024-04-25,Hendrickson,5628.0
2,2024-04-25,#Chucky,5536.0
1,2024-04-25,11 TRACKS,5466.0
1,2024-04-25,#HEATCulture,5458.0
3,2024-04-25,Deebo,5458.0
1,2024-04-25,Kenzie,5055.0
1,2024-04-25,#ThursdayThoughts,4760.0
5,2024-04-25,#RaiseHail,4688.0
1,2024-04-25,#NHLBruins,4617.0
4,2024-04-25,troye,4402.0
1,2024-04-25,Latham,4036.0
2,2024-04-25,#thursdaymorning,3735.0
1,2024-04-25,Roddy,3627.0
5,2024-04-25,#GoKingsGo,3556.0
3,2024-04-25,#ThunderUp,3528.0
3,2024-04-25,Pete Crow,3183.0
1,2024-04-25,Jovic,3096.0
5,2024-04-25,Kopitar,3053.0
1,2024-04-25,#VegasBorn,2977.0
2,2024-04-25,Shad Khan,2809.0
1,2024-04-25,Q1 GDP,2631.0
4,2024-04-25,Brandon Ingram,2441.0
2,2024-04-25,Talbot,1953.0
2,2024-04-25,$PULSR,1849.0
2,2024-04-25,Blizzcon,1838.0
1,2024-04-25,#TOTORO,1803.0
1,2024-04-25,Nick Saban,1688.0
2,2024-04-25,#bucciovertimechallenge,1680.0
1,2024-04-25,$pulsr,1640.0
1,2024-04-25,Happy NFL,1567.0
1,2024-04-25,#GoFins,1540.0
1,2024-04-25,Cam Newton,1248.0
14,2024-03-29,YA YA,2614494.0
1,2024-03-29,Ya Ya,2334172.0
17,2024-03-29,Beyoncé,1070206.0
15,2024-03-29,#COWBOYCARTER,513039.0
15,2024-03-29,Good Friday,468532.0
3,2024-03-29,Cowboy Carter,248855.0
17,2024-03-29,Jolene,202941.0
1,2024-03-29,Clinton,198869.0
1,2024-03-29,NYPD,191625.0
2,2024-03-29,#CowboyCarter,155478.0
7,2024-03-29,hobi,154699.0
2,2024-03-29,#OpeningDay,136117.0
13,2024-03-29,Happy Easter,132067.0
2,2024-03-29,Yankees,97113.0
3,2024-03-29,Rangers,90316.0
4,2024-03-29,II Most Wanted,88768.0
1,2024-03-29,Dolly,86347.0
11,2024-03-29,II MOST WANTED,79395.0
3,2024-03-29,$SHIV,76047.0
5,2024-03-29,Arizona,63923.0
1,2024-03-29,Dodgers,63495.0
8,2024-03-29,Louis Gossett Jr.,58725.0
2,2024-03-29,#SKZ_4TH_FANMEETING,54716.0
1,2024-03-29,#SKZS_MAGIC_SCHOOL,52818.0
9,2024-03-29,Bama,51653.0
2,2024-03-29,Jets,50184.0
9,2024-03-29,Bodyguard,47348.0
1,2024-03-29,Hochul,46806.0
3,2024-03-29,Soto,43841.0
3,2024-03-29,Mets,43030.0
5,2024-03-29,Phillies,42850.0
2,2024-03-29,Braves,40027.0
2,2024-03-29,Viernes Santo,39869.0
4,2024-03-29,Cubs,39289.0
1,2024-03-29,Tigers,39170.0
8,2024-03-29,Clemson,39070.0
2,2024-03-29,Astros,37367.0
6,2024-03-29,Tyrant,31397.0
3,2024-03-29,Celtics,29722.0
5,2024-03-29,UConn,27088.0
4,2024-03-29,Just For Fun,24271.0
1,2024-03-29,Nestor,24046.0
9,2024-03-29,16 Carriages,22992.0
2,2024-03-29,$BRETT,22140.0
1,2024-03-29,#actii,21957.0
3,2024-03-29,Hawks,21925.0
1,2024-03-29,#RepBX,21574.0
6,2024-03-29,Elite 8,19942.0
5,2024-03-29,My Rose,19006.0
10,2024-03-29,Levii's Jeans,18496.0
1,2024-03-29,Indiana,18405.0
8,2024-03-29,#FursuitFriday,18291.0
1,2024-03-29,#murderdrones,18087.0
4,2024-03-29,Huff,17971.0
2,2024-03-29,#DragRaceUK,16789.0
2,2024-03-29,Dbacks,16404.0
3,2024-03-29,$MEW,16127.0
4,2024-03-29,Reddick,16039.0
1,2024-03-29,AMERIICAN REQUIEM,15980.0
